"marker","lambda","lo","hi","method","beta_1h","section","lambda_bayes","lambda_ar1","difference","pct_difference","beta_bayes","beta_ar1","intervals_overlap","bayes_inside_ar1_interval","n_transitions","dropped","dropped_hours"
"cytb","0.118916499253815","0.098493976477022","0.139339022030608","Decay model","0.887881936470933","rate estimates",,,,,,,,,,,
"Tt_16S","0.161128070112715","0.14770010240877","0.17455603781666","Decay model","0.85118305301678","rate estimates",,,,,,,,,,,
"Tt_DLL1","0.177386579593338","0.157585678142284","0.197187481044392","Decay model","0.83745597854701","rate estimates",,,,,,,,,,,
"Tt_longFrag","0.189234397658595","0.161764043598914","0.216704751718276","Decay model","0.827592498214203","rate estimates",,,,,,,,,,,
"cytb","0.126551185904265","0.0630446885541218","0.193848895962427","Stepwise (AR1)","0.881129047002173","rate estimates",,,,,,,,,,,
"Tt_16S","0.154847012037558","0.0905068232517506","0.224147949731325","Stepwise (AR1)","0.856546208719467","rate estimates",,,,,,,,,,,
"Tt_DLL1","0.167604952893651","0.117833514939969","0.223178601856123","Stepwise (AR1)","0.845687855243476","rate estimates",,,,,,,,,,,
"Tt_longFrag","0.148061283806979","0.0842060443431962","0.228867133980128","Stepwise (AR1)","0.86237826349955","rate estimates",,,,,,,,,,,
"cytb",,,,,,"agreement","0.118916499253815","0.126551185904265","0.00763468665045025","6.42020804375918","0.887881936470933","0.881129047002173","TRUE","TRUE","15",,
"Tt_16S",,,,,,"agreement","0.161128070112715","0.154847012037558","-0.00628105807515741","-3.89817743783786","0.85118305301678","0.856546208719467","TRUE","TRUE","15",,
"Tt_DLL1",,,,,,"agreement","0.177386579593338","0.167604952893651","-0.0097816266996873","-5.51429917759949","0.83745597854701","0.845687855243476","TRUE","TRUE","15",,
"Tt_longFrag",,,,,,"agreement","0.189234397658595","0.148061283806979","-0.0411731138516165","-21.7577324001625","0.827592498214203","0.86237826349955","TRUE","TRUE","13",,
"cytb","0.107389638398766",,,,,"leave-one-timepoint-out",,,,,,,,,,"0","0"
"cytb","0.122301516349602",,,,,"leave-one-timepoint-out",,,,,,,,,,"1","3.7"
"cytb","0.122475708161658",,,,,"leave-one-timepoint-out",,,,,,,,,,"2","7.6"
"cytb","0.119673400989779",,,,,"leave-one-timepoint-out",,,,,,,,,,"3","11.5"
"cytb","0.126448512956993",,,,,"leave-one-timepoint-out",,,,,,,,,,"4","19.5"
"cytb","0.113716480448287",,,,,"leave-one-timepoint-out",,,,,,,,,,"5","27.4"
"Tt_16S","0.151733826985357",,,,,"leave-one-timepoint-out",,,,,,,,,,"0","0"
"Tt_16S","0.164842046741599",,,,,"leave-one-timepoint-out",,,,,,,,,,"1","3.7"
"Tt_16S","0.162714065996641",,,,,"leave-one-timepoint-out",,,,,,,,,,"2","7.6"
"Tt_16S","0.162915967707674",,,,,"leave-one-timepoint-out",,,,,,,,,,"3","11.5"
"Tt_16S","0.164503299036635",,,,,"leave-one-timepoint-out",,,,,,,,,,"4","19.5"
"Tt_16S","0.172998473201901",,,,,"leave-one-timepoint-out",,,,,,,,,,"5","27.4"
"Tt_DLL1","0.166458980611627",,,,,"leave-one-timepoint-out",,,,,,,,,,"0","0"
"Tt_DLL1","0.171775348055694",,,,,"leave-one-timepoint-out",,,,,,,,,,"1","3.7"
"Tt_DLL1","0.172496319598666",,,,,"leave-one-timepoint-out",,,,,,,,,,"2","7.6"
"Tt_DLL1","0.171988080647166",,,,,"leave-one-timepoint-out",,,,,,,,,,"3","11.5"
"Tt_DLL1","0.172063290939876",,,,,"leave-one-timepoint-out",,,,,,,,,,"4","19.5"
"Tt_DLL1","0.179431566892155",,,,,"leave-one-timepoint-out",,,,,,,,,,"5","27.4"
"Tt_longFrag","0.153964333797791",,,,,"leave-one-timepoint-out",,,,,,,,,,"0","0"
"Tt_longFrag","0.16055917791326",,,,,"leave-one-timepoint-out",,,,,,,,,,"1","3.7"
"Tt_longFrag","0.167669898035855",,,,,"leave-one-timepoint-out",,,,,,,,,,"2","7.6"
"Tt_longFrag","0.165324967765796",,,,,"leave-one-timepoint-out",,,,,,,,,,"3","11.5"
"Tt_longFrag","0.169890680991103",,,,,"leave-one-timepoint-out",,,,,,,,,,"4","19.5"
"Tt_longFrag","0.180662501692786",,,,,"leave-one-timepoint-out",,,,,,,,,,"5","27.2"
