"parameter","mean","se_mean","sd","2.5%","25%","50%","75%","97.5%","n_eff","Rhat"
"C[1]",7.44039536886564,0.0134314919032882,1.43060930610726,4.6861881816881,6.46744745370004,7.42111380479773,8.39239594796344,10.2751965654751,11344.7147983499,1.00055013180355
"C[2]",5.52953775296075,0.00897630830386918,0.90457633794515,3.7635524814048,4.91388252687192,5.53009926940018,6.13534560881684,7.32803795436801,10155.3506875861,0.999998952031247
"C[3]",7.23218771846486,0.0174072631417821,1.52662283135122,4.19791499337268,6.22154228009921,7.2505036697135,8.25206437640138,10.2009010788419,7691.34898465767,1.0000579623296
"C[4]",6.10446841510412,0.0116572634469979,1.27533051296709,3.60753545990705,5.25016615553533,6.09269867022004,6.97171359578283,8.61275133956642,11968.845980068,0.999994932774197
"C[5]",4.2791467506486,0.00837355391003178,0.786797057169205,2.7711761160737,3.73602362034907,4.26515013562152,4.81271013897798,5.85901846569326,8828.88403115723,1.00010422799218
"C[6]",5.80769910420396,0.0122789963705601,1.25528193591834,3.38959142254383,4.96412040577686,5.79408436647852,6.64566610734795,8.30864992961633,10450.9751804812,0.99985811403004
"C[7]",5.09451255515553,0.0099235801766175,1.01099935179478,3.27924831505721,4.36649849192984,5.05752987626943,5.77070429576489,7.14617793829087,10379.2264784337,0.999826002322173
"C[8]",6.83382399460154,0.0160345711949088,1.56902893505086,3.79077145229575,5.78148841143492,6.81852464491623,7.87557672165066,9.97111950522516,9575.18568568694,1.00036444451031
"C[9]",7.78931898346584,0.0127892700395556,1.42794321688212,5.01748492298606,6.79984992869258,7.77596938279864,8.7646144792803,10.6219517201092,12466.0929498874,0.999856844065431
"C[10]",6.8345086748091,0.0162336111059985,1.53654904103901,3.7817939058479,5.81669913034114,6.83237739344272,7.85728440094342,9.82832070037637,8959.06270615779,1.00065871037243
"C[11]",3.85019034760339,0.00771232410083876,0.71980947005197,2.59369940339264,3.32916711801318,3.8189689468132,4.32821908083706,5.3386671206289,8710.93089076443,0.99976363281037
"C[12]",7.79625650570441,0.0064273361903705,0.709788895416273,6.41309198997898,7.31704962450948,7.79906912879074,8.26999082448937,9.1903790031435,12195.4089298813,1.0000278373069
"C[13]",6.61055198092036,0.00659386368889812,0.692062373549994,5.27728640521797,6.14148378429742,6.60356093069103,7.07401501344573,7.98499965353386,11015.6605822959,0.999860049450638
"C[14]",6.95891665964578,0.00714434676708491,0.68499746702478,5.59978297419135,6.5035356960945,6.95844067275392,7.40919917555161,8.30860670830291,9192.90727118654,1.00002442541782
"C[15]",4.73562530595258,0.00511325570790743,0.482494136764398,3.89685167061479,4.37991663434186,4.71274295955678,5.05776672157209,5.73615288385804,8904.08006995433,1.00015293339739
"C[16]",6.5789801074937,0.00656150530828075,0.722050446523645,5.17189372467554,6.08783623690558,6.58426703083387,7.06391991243848,7.99255858202991,12109.5530124491,0.999757736061019
"C[17]",6.94919520871093,0.00656715370464975,0.699554705944513,5.60440431308073,6.45782278874555,6.94580939881035,7.4190200275308,8.31887132450243,11347.2076592017,1.00026634282102
"C[18]",7.10551733924356,0.00632733347421388,0.682758504763109,5.77121220565747,6.64361143879186,7.10089957613951,7.57095703662644,8.4501102103972,11643.7477742788,1.00008193451689
"C[19]",6.80225356472367,0.00700298023528947,0.69803364689595,5.45500928668533,6.32819300306559,6.79741375129546,7.26794160993723,8.18489667359342,9935.4356092412,1.00000990914947
"C[20]",7.24744116641307,0.00661726784256459,0.673323479793751,5.98584307058538,6.77892344478997,7.23336850721646,7.69696723638896,8.61467993723599,10353.5692155376,1.00019971729836
"C[21]",6.93236576841317,0.00621111895590063,0.695873828226819,5.59048516470892,6.45821171789096,6.92154453193483,7.41032276617618,8.32411853566907,12552.2422449435,0.99982680191714
"C[22]",7.92468416784048,0.00643550104553584,0.682353353944793,6.65772185959895,7.43742078527865,7.9081353397468,8.3805157328614,9.31380614622769,11242.2679136563,0.999849185895297
"C[23]",7.11440701874282,0.00987492598340496,0.965328838679876,5.39037791337577,6.41298550258109,7.07521022227758,7.76059590327722,9.11044771236082,9556.14791144397,0.999986217551096
"C[24]",6.9895256666802,0.00952959073415519,0.907911829762453,5.46382415355129,6.299895793532,6.9283179149573,7.59917158438865,8.87423821936674,9076.92716812824,1.00027036262386
"C[25]",5.92813403558105,0.00991668554040485,0.942835433019626,4.30514391343495,5.22259092041612,5.89207360660144,6.55431897409979,7.86922964011446,9039.38132103914,1.00012673638449
"C[26]",6.70267126569669,0.00680305822505913,0.678526309395185,5.59445890114173,6.18497495955216,6.64882043337725,7.15402287683523,8.16060977667439,9947.75332895593,0.999838209390517
"C[27]",6.86525421313755,0.00693764574726572,0.705528767616686,5.48065458449731,6.39228931684072,6.86280543841794,7.34020874177238,8.23068827746512,10342.0161899474,1.00001560490198
"C[28]",7.36519734725846,0.00998861723651635,0.983640899307765,5.54177119716179,6.66404345629164,7.35495593222202,8.0188428011914,9.36879196234475,9697.55862628693,0.999970909464815
"alpha",-2.54823734881723,0.00275202811547491,0.312190337603599,-3.18512678242639,-2.75398062723913,-2.54141257561202,-2.32987183405052,-1.96556552840454,12868.6557093818,0.999695131069076
"beta",0.797222181196731,0.000619358678839702,0.0701155419076022,0.665717961185619,0.748285167612726,0.795567319463137,0.843692822139215,0.93980777220595,12815.7531814721,0.999705830512879
"sigma",0.824206624439669,0.0001730235726404,0.0252044602953456,0.776936504821071,0.806968266516298,0.8234921100735,0.841140012955819,0.875140575778502,21219.9450126076,0.999814857643682
"mu[1,1]",2.36101495752782,0.00377437910103931,0.414990738829521,1.54703650443343,2.08111699714878,2.36261239273551,2.64269738910788,3.16623161842626,12088.8718011842,0.999983714930273
"mu[1,2]",-0.554338405600645,0.00741696910179984,0.811223532522336,-2.17114887796261,-1.10163385075955,-0.545269408834046,0.0036155234396662,0.973055396120486,11962.6705187977,1.00002870459814
"mu[1,3]",-1.0363409106369,0.00760140346354705,0.83077243206744,-2.69085871385731,-1.59662737702835,-1.02733271876398,-0.462693707882596,0.531133230703928,11944.7367990806,1.00003706404717
"mu[1,4]",-2.66049435125074,0.0102442860026493,1.11116214795553,-4.88631109372923,-3.41266151892025,-2.64187471958631,-1.88812364604217,-0.5601832264038,11764.9879803273,1.00012842726462
"mu[2,1]",3.98167762915839,0.00229556731955408,0.247885754710995,3.50000409907742,3.8120062270622,3.98104534601653,4.14833336060216,4.4686191458165,11660.6584018531,0.999810753509718
"mu[2,2]",2.64118873863439,0.00277508562761001,0.292681860561487,2.05963788057608,2.44283312149974,2.64253663636506,2.83833662245274,3.21070433313762,11123.4328635903,1.00001225412677
"mu[2,3]",2.21486488404248,0.00286091831500236,0.301002056714893,1.61983202059222,2.01054014407346,2.21670609112317,2.41741331742618,2.80066033964833,11069.5001423074,1.00001871346617
"mu[2,4]",1.35604757014921,0.004195870884274,0.432159580747114,0.508941905994439,1.06699232566039,1.35427763574785,1.64746346829923,2.20181553177841,10608.2576668305,1.00006392463778
"mu[3,1]",2.70461841588526,0.00634677679214648,0.703630966865949,1.30196690359905,2.23595489694764,2.70619615469518,3.18352881538843,4.05454520769242,12290.8930336481,1.00029408882184
"mu[3,2]",0.0353425604633334,0.0120621813732599,1.1425715411511,-2.22419866287016,-0.731726564205821,0.030157673784708,0.803925300896913,2.26512773163721,8972.53365964681,1.00033503091607
"mu[3,3]",-0.437959981006434,0.0123044336076866,1.16297425155638,-2.73372863784396,-1.21734946846963,-0.44368533277004,0.339797710739869,1.83877483609349,8933.40337706173,1.00033340106855
"mu[3,4]",-1.94252725411361,0.0157658938813128,1.45820694358764,-4.82474023342469,-2.91403783026226,-1.94063887101925,-0.96422452904296,0.944420942517686,8554.62793731792,1.00031023711173
"mu[4,1]",3.18619614170853,0.00359908912675177,0.41162962918279,2.38291432015055,2.90399793929799,3.18645246895206,3.47078232426662,3.98996106287463,13080.6116650314,0.99979079010032
"mu[4,2]",1.23457854980418,0.00513639471787323,0.562614092282259,0.100541014554563,0.857972876674183,1.24823989464553,1.61594854708811,2.29774060187188,11997.8777056243,1.00001531881903
"mu[4,3]",0.786648505008247,0.00525304323246579,0.575092123252605,-0.375394165677045,0.403835351086793,0.799731920683615,1.17474856817219,1.87346638042911,11985.4098195092,1.00002076032259
"mu[4,4]",-0.369158728575516,0.00703160245975869,0.766896367828679,-1.90647855079107,-0.879745763203382,-0.357202452698175,0.153589257329803,1.1099395183206,11895.0081233189,1.00006578888879
"mu[5,1]",3.72124782567165,0.00237998051598873,0.242807030856838,3.25358901333159,3.55314363938163,3.72085393526912,3.88584448003141,4.19567429060588,10408.2020208219,1.00016527474158
"mu[5,2]",2.82222736640367,0.00187298276251675,0.194391339783882,2.43946753430282,2.69281394683971,2.82245789222092,2.95460150475179,3.2032927703197,10771.7499923851,0.999925474484069
"mu[5,3]",2.41151143674353,0.00192964191156286,0.199048732269448,2.01991302070142,2.2797819279817,2.41123626041457,2.54696982441276,2.80122488992979,10640.5820541592,0.999921097612125
"mu[5,4]",1.76723432305436,0.00294900306243537,0.287523753351865,1.19963100456425,1.57218463084862,1.76999124841889,1.96518113775878,2.32457337956965,9505.98251455726,0.999921857955436
"mu[6,1]",2.99589483236195,0.00391850468613611,0.411020506488839,2.1685044190426,2.71891445609159,2.9967545816484,3.27488538345054,3.79101703927132,11002.3698330928,0.99983379446276
"mu[6,2]",1.09175613324712,0.00465344658651701,0.510769235464618,0.057218052107116,0.74668783507496,1.10317235176208,1.44199436458394,2.06557038910269,12047.5848989787,0.999772852842901
"mu[6,3]",0.645504684115194,0.00476007754443559,0.52178187157009,-0.409974855850113,0.293432528319279,0.656659255540656,1.0056682195844,1.64440163248279,12015.723251507,0.999773382808894
"mu[6,4]",-0.487229254883149,0.00640029467453029,0.696248269717468,-1.9032823220135,-0.948433595385321,-0.467674667927609,-0.00377038559685738,0.810460676804381,11833.9115358217,0.999784498468931
"mu[7,1]",4.47360523178567,0.00318704555055949,0.353578818164023,3.7914091087176,4.23454618735213,4.46728606309682,4.71061665093043,5.16579927928357,12308.239501716,0.999788252151022
"mu[7,2]",3.54648648055687,0.00299538921194019,0.315410160424922,2.9310309897039,3.33267460404106,3.54678779371204,3.76130893336071,4.16121077086362,11087.7860186974,0.999877318837356
"mu[7,3]",3.13477714797008,0.00306257078897652,0.320638263164419,2.50498069680811,2.91807082867092,3.13485710165689,3.35288809311341,3.75916671400391,10961.20810061,0.999880347955428
"mu[7,4]",2.47684512091481,0.00422282543408259,0.421640791082144,1.63134165929728,2.19003634567527,2.48267715081042,2.76886277524214,3.28010997141541,9969.6286435058,0.999899945490464
"mu[8,1]",3.82048179268237,0.00628974309590461,0.652804354661548,2.52579047006853,3.38288568040675,3.81583895014247,4.25432688286386,5.10578969476399,10772.097396251,1.00012724184495
"mu[8,2]",1.82646822378951,0.00579119814938129,0.627568648335972,0.567228269934582,1.41253590149359,1.8355168762141,2.248897819677,3.03977804778676,11743.1775939865,0.999822355959747
"mu[8,3]",1.37703928761336,0.00586641054434509,0.634494892137776,0.106103912013649,0.958101829721001,1.38578704370986,1.80245716046027,2.60656051751821,11697.9929506749,0.999822361280769
"mu[8,4]",0.200628901579748,0.00738747889765948,0.768860311276202,-1.36481848051096,-0.303072432623687,0.210026520661756,0.727996543235624,1.68931383666695,10831.8435731424,0.999876199515392
"mu[9,1]",2.91908514862463,0.00477140157561921,0.517384386523935,1.88893771945361,2.571087631409,2.91912551608725,3.27006313330216,3.9301295609238,11758.0336257884,1.00021020712636
"mu[9,2]",0.0969996945193402,0.00752459086247305,0.867439418070664,-1.64957879309641,-0.47643437989078,0.111634359412857,0.702393897655032,1.72934505879443,13289.6188411001,1.00021725762391
"mu[9,3]",-0.381705364041667,0.00766719038895872,0.885426434811045,-2.16660157011675,-0.971423445555755,-0.365946078849422,0.235085249446984,1.2768132479536,13336.2114427401,1.00021266078274
"mu[9,4]",-1.96053344397792,0.00990530518236329,1.14758876892847,-4.28286199684809,-2.72888458874186,-1.93384114809623,-1.15466344622493,0.180811708324361,13422.6064602163,1.00015762032363
"mu[10,1]",3.97801653131631,0.00631262344204369,0.647318391213236,2.70226811739036,3.53879185584751,3.97827254625864,4.42031113715413,5.24107204336186,10515.1657952662,1.0006210225832
"mu[10,2]",2.05394949095211,0.00561469664729363,0.611736671312639,0.812528303169056,1.65167618958313,2.06996326239939,2.47017829671022,3.22530421600827,11870.7029424291,1.00023102290991
"mu[10,3]",1.6069934839578,0.00567213358001289,0.617987630945225,0.348113686635102,1.19928761412473,1.62099856423809,2.02754542144636,2.78897986320953,11870.4358524013,1.00022222450966
"mu[10,4]",0.464574978592582,0.00686789800294786,0.742789208557887,-1.04967006419686,-0.0200041035607261,0.476355574965881,0.969482613596467,1.89199134087868,11697.2426127955,1.00017151162478
"mu[11,1]",3.7577042204744,0.00218371105883085,0.224119767588092,3.32665041888997,3.60365982938698,3.75469606819009,3.90580430495371,4.20611429115699,10533.4340363836,0.999749953192316
"mu[11,2]",3.06623235805668,0.00179268912217874,0.188555360364721,2.67836948824899,2.94343017935966,3.06589350917924,3.19165812803496,3.43333053350856,11062.8697731538,0.999820502756238
"mu[11,3]",2.66285421902885,0.00184115306954428,0.192935530830895,2.26631205526894,2.53660417350723,2.66291984529177,2.79197178999056,3.03724273270463,10981.0693909291,0.999821437493631
"mu[11,4]",2.11943939665606,0.0027642895867113,0.274498728264317,1.5501588115252,1.9407244191493,2.12814306347943,2.31049153405449,2.62367140614695,9860.83286848783,0.999818998941029
"mu[12,1]",6.55501351852659,0.00210390616005786,0.23530692722243,6.09777938196427,6.39403241503212,6.55599187931206,6.71324250020236,7.01413512058974,12508.830129035,0.999863540656791
"mu[12,2]",5.35125906412236,0.00128319794747084,0.139710195410718,5.07964038772748,5.2539526858301,5.3507282708781,5.44744556846144,5.62093834899531,11854.1082177078,0.999981197492429
"mu[12,3]",4.92976939622071,0.00130405188015163,0.141789667750765,4.65396740054045,4.83115987603256,4.92908029307211,5.02719139936776,5.20432369910594,11822.2307133207,1.00000382998983
"mu[12,4]",4.13740085017357,0.00187559717988948,0.202421669342535,3.741066402534,4.00113348526585,4.13672486694894,4.27274942401886,4.53610766735288,11647.5574724428,1.00018293512956
"mu[13,1]",5.87404562904478,0.00218425446260874,0.232193589891183,5.42708543718234,5.71659140689863,5.87314566250321,6.03102206761347,6.33425300031288,11300.4044855925,0.99987278059521
"mu[13,2]",4.89537604751103,0.00123331962473051,0.134301908989431,4.63309730024132,4.80360892168946,4.89414009441354,4.98758733449423,5.16221982074671,11858.0448191544,1.00023946300866
"mu[13,3]",4.48184415767528,0.00125180990785147,0.13602706977877,4.21553075265782,4.38927298012224,4.48021815704639,4.5749335177669,4.74972804159438,11807.9339849549,1.00024523635901
"mu[13,4]",3.79885999852792,0.00179644479670532,0.192147070592655,3.42050331491937,3.66906252971722,3.79745542021143,3.92910508301368,4.17420573555142,11440.3624284966,1.00017107548175
"mu[14,1]",6.60180186732738,0.00233241236494084,0.232668865972518,6.14351033918064,6.44811994395519,6.60130370104815,6.75712247078948,7.06107841313093,9950.98051821453,1.00001844926439
"mu[14,2]",5.79232012550715,0.00120320245427546,0.13282560902465,5.53323175004405,5.7028650612526,5.79221215949274,5.88122913199746,6.05275464782999,12186.7026183824,1.00002781798442
"mu[14,3]",5.38476979837138,0.00121741187743068,0.1342766278546,5.12416507517813,5.29455665738206,5.38480441063989,5.47449324786561,5.64772349834396,12165.3829109988,1.00002882718274
"mu[14,4]",4.78400577193197,0.00185505802422901,0.187001490564028,4.42548819283249,4.65695506407355,4.78466040655282,4.91057940861769,5.14718207031998,10161.9052133423,1.00003554320495
"mu[15,1]",5.0484128593765,0.00166377702037572,0.163051906958789,4.75017903615115,4.9324384523251,5.04274173525909,5.15761712171814,5.37531359392636,9604.20721430886,1.00003126205385
"mu[15,2]",4.53767084394199,0.000923167827642318,0.101623532749342,4.34026806477806,4.46844983455543,4.53772703654338,4.6073507435015,4.73750757267525,12117.8969416214,0.999921131125483
"mu[15,3]",4.14068233027564,0.000936612580595378,0.10299098435661,3.94112798235042,4.07033573598986,4.14006880861075,4.21088946579415,4.34314309399998,12091.451665792,0.999932473225296
"mu[15,4]",3.68509670430614,0.00141677879534614,0.142717001091102,3.4000838869094,3.58879360670951,3.68894020756877,3.78402928553581,3.95750386172388,10147.2258370862,1.00008431103124
"mu[16,1]",5.67879918513934,0.00215307337836911,0.236883818067565,5.21982017388645,5.51866980225493,5.67796555779979,5.83880118781985,6.1431939684845,12104.6748013373,0.999716056642005
"mu[16,2]",4.62713971677821,0.00124612210714557,0.137583762627053,4.35500333649613,4.5344945490166,4.62824542147908,4.72000043890409,4.89397177279179,12190.2654585908,0.99985543726622
"mu[16,3]",4.21102730114781,0.00126510939979328,0.139775057604557,3.93410217367078,4.11665343721155,4.21238593737655,4.30531287257123,4.48111259075864,12206.8383855421,0.999863001790352
"mu[16,4]",3.49257228197028,0.00186708938938602,0.202969919376646,3.09470435672354,3.35772520211634,3.49313434181126,3.62858101399957,3.88988176854579,11817.7047821009,0.999886701223463
"mu[17,1]",6.47226235870065,0.00212432940525813,0.235068648890431,6.02141296283041,6.31005243860383,6.46915573060813,6.63434620262809,6.93795456364605,12244.6309695022,1.00023125657224
"mu[17,2]",5.60934833081897,0.00120419083882971,0.129477546761636,5.35830258974092,5.52207660429031,5.60841517463258,5.69589746077828,5.86527733181433,11561.0768081069,1.00013388212716
"mu[17,3]",5.19990892838192,0.00122095581752469,0.130975206102963,4.94385316902954,5.11123012144869,5.19818463821539,5.28781120149298,5.45856577532272,11507.4284710365,1.00013669552322
"mu[17,4]",4.57317843970562,0.00178195553361169,0.186104960995881,4.21193897527525,4.44639909832479,4.57104983195031,4.69866125800171,4.94133854422771,10907.4234912536,1.00020208917686
"mu[18,1]",6.39141179068432,0.00213924898565301,0.23116860135283,5.94197158353744,6.23558999395281,6.39284432904464,6.54622684295088,6.84053676284601,11677.1005880836,1.00015298641931
"mu[18,2]",5.4227317395591,0.00112220597649413,0.121354433668298,5.18348330991454,5.34039931130937,5.42338591614846,5.50517980775495,5.65616254651841,11694.0821699584,0.99992666293373
"mu[18,3]",5.00955302523871,0.00113854981168307,0.122470454783879,4.76773641439644,4.92619578529333,5.01063566930223,5.09238278880757,5.24493636476008,11570.6721849568,0.999909294162521
"mu[18,4]",4.33142347335669,0.00163634929783046,0.173480344106925,3.98938502950037,4.21264500143495,4.3344474578421,4.44941466113211,4.66598253868918,11239.5395779541,0.999837423531868
"mu[19,1]",6.43783183180985,0.00227610111269369,0.235281340744154,5.98675788391697,6.27744243757587,6.43563639631972,6.59791962870542,6.8971311857793,10685.4267239928,1.00005776066639
"mu[19,2]",5.6250915950044,0.00123079340055502,0.136384174529131,5.3548972817084,5.535526317132,5.62304080515756,5.7163057257196,5.89583389608121,12278.8485038086,1.00007798781894
"mu[19,3]",5.21742606519156,0.00124955167687566,0.138059727116446,4.945367111704,5.12709126359811,5.21524907804425,5.30937524576882,5.49286125544469,12207.4675345971,1.00007226161854
"mu[19,4]",4.6150785095188,0.001844236334049,0.193799501037415,4.23930890033777,4.48344618367033,4.61471010081564,4.74686124723038,4.9921462468379,11042.6208579212,1.00000773455017
"mu[20,1]",7.1757573266951,0.00215093892665189,0.229502593166873,6.74226661464263,7.01446261830236,7.17260467192854,7.33106251966273,7.62870847275279,11384.6330106627,1.00021959849899
"mu[20,2]",6.49356214421268,0.00123347123127222,0.138033960953768,6.22332384945055,6.40007253313775,6.49436992334051,6.58832575905928,6.76129029666073,12523.1577556144,1.00000372264797
"mu[20,3]",6.09051197818087,0.00124909135916975,0.139651495643799,5.81864956539838,5.99683483733621,6.09119391690201,6.18567880088349,6.36283570149232,12499.7916595513,0.999996533006159
"mu[20,4]",5.55160533947342,0.00180288202257733,0.192383955892321,5.1686919063756,5.42093974965922,5.55590950415603,5.68315282919212,5.92398955288651,11386.8365041655,0.999996792507158
"mu[21,1]",6.21376842438385,0.00203676893609472,0.233811698159465,5.76599968122388,6.0514396176928,6.21046869408326,6.37169805760432,6.67200177941769,13177.9831208961,0.999939222873796
"mu[21,2]",5.24308527869084,0.0011846634349563,0.131610838348256,4.98223809681497,5.15405659506797,5.23993769677677,5.33506322203609,5.49846735546116,12342.2216943601,1.00028419769998
"mu[21,3]",4.82983574583069,0.00120330001544406,0.133199325291406,4.56719198949297,4.73970844058626,4.82773230843047,4.92189490365469,5.08705582301488,12253.3885596266,1.00027626872441
"mu[21,4]",4.15073275104953,0.0017478999257617,0.188610860991607,3.77845754988514,4.02324079369259,4.15104823202244,4.27970172950522,4.50985551102713,11643.9482696584,1.0000687961065
"mu[22,1]",7.78956596779875,0.00215243633417577,0.231464101774418,7.35186932950557,7.63078594533062,7.78487793542535,7.94600421602193,8.26163307135252,11563.9621335401,0.999781521083674
"mu[22,2]",7.07908253768291,0.0012902008752044,0.139393804900876,6.80489637456273,6.98441079444157,7.08034411900008,7.17431251499341,7.35633244720553,11672.7257315833,0.999892508861418
"mu[22,3]",6.67503225292402,0.00130622655967162,0.141110939915411,6.39809296940747,6.57829522555711,6.67593905762275,6.77177159424061,6.95571943341388,11670.362579848,0.99990284317887
"mu[22,4]",6.12237838818405,0.00184759555466396,0.195504285030702,5.73118490283385,5.99135483460065,6.12582291842581,6.25439313696615,6.49921675576395,11196.924348956,0.999971092215098
"mu[23,1]",6.75373390880325,0.00331777880855931,0.346097967786678,6.10369886570734,6.51261815310103,6.74571503669191,6.98870056204616,7.44998718717611,10881.862667636,0.999969570008243
"mu[23,2]",5.94266535236847,0.00215761309284153,0.233703134130091,5.48764718096359,5.78252807668465,5.9412045120361,6.10023969717618,6.40923567409717,11732.2669353634,1.00000897109723
"mu[23,3]",5.53505892409016,0.00218268883428233,0.235936075665288,5.07567266517996,5.37503137820443,5.53416533181995,5.69373001279937,6.00710140371444,11684.3632322115,1.00001143519161
"mu[23,4]",4.93352375411933,0.00292598028571058,0.305425414466845,4.3226257142363,4.72987425523837,4.93876938737236,5.14151271063653,5.51725884502675,10896.0114878905,1.00002844966423
"mu[24,1]",6.83383421451047,0.00318499030753383,0.33280681880413,6.22345162828617,6.60106625113983,6.82104255372344,7.05440049010684,7.51116622171455,10918.6313167166,1.00014756614675
"mu[24,2]",6.11417624164127,0.00212621144841759,0.233896224768093,5.66080293434691,5.95595262677427,6.11416845464819,6.27377679117429,6.57534080999935,12101.3415769815,0.999874858437251
"mu[24,3]",5.70980159490214,0.00214920477275628,0.23597705297224,5.25071040397682,5.55129057853378,5.71096712768093,5.87133316483367,6.17795005592603,12055.4646385272,0.999876296102826
"mu[24,4]",5.15268918205379,0.00295423049754912,0.299345269700857,4.55762203399186,4.9528046325684,5.16189154187976,5.35582769446544,5.72513827791131,10267.295112118,0.999976683731379
"mu[25,1]",5.68755660081903,0.00334576811391894,0.340562964379983,5.03930620202179,5.44981552486143,5.68351126778116,5.91690830846073,6.36391837717627,10361.0354366678,0.999974222385658
"mu[25,2]",4.93004413262708,0.00216693397547986,0.2365733906814,4.4608055521462,4.7726205599301,4.93184533277081,5.08782466396387,5.39268776169403,11919.0167732686,0.99975049817654
"mu[25,3]",4.52433115662248,0.00219496769622869,0.23887012616708,4.05202470524436,4.36576064673665,4.52515317778485,4.68252710287297,4.99155539071952,11843.1549613458,0.99975649880431
"mu[25,4]",3.94882261297479,0.00302060241780697,0.307102869494943,3.33554489916809,3.74883825554218,3.95510087897587,4.15839170720165,4.5335877459657,10336.6691877036,0.999896487910614
"mu[26,1]",6.88233588109904,0.0023736027470927,0.246641444469978,6.42574702561383,6.71188492892852,6.87020361450633,7.04211886241216,7.38801059429459,10797.3216351778,0.999749121179695
"mu[26,2]",6.31222833226554,0.00153937997200019,0.16710094577026,5.98435920890706,6.19776427869918,6.31093420187162,6.4286876047724,6.63674795384143,11783.2787623213,0.999888317836639
"mu[26,3]",5.91314097591141,0.001553634093394,0.168520854045909,5.58164771054751,5.79756232763412,5.91195171266937,6.03038909779401,6.23809571264538,11765.4845245299,0.999899639318362
"mu[26,4]",5.42870551036356,0.00203073739679426,0.215176378217729,5.0010549029181,5.2827379113646,5.43229192468725,5.5788120689796,5.82598459525271,11227.4635418694,0.999994029578759
"mu[27,1]",5.77504141117504,0.00231229096048541,0.233970286545309,5.32385533554729,5.61728645179186,5.77618568815598,5.93334388442697,6.23242516365791,10238.502746423,0.999946901576363
"mu[27,2]",4.63863814085602,0.00123270527255579,0.134886595191902,4.37283587441647,4.54773177157164,4.63920589409692,4.73002541504434,4.90374357503041,11973.443730691,1.00004474508077
"mu[27,3]",4.21952964485895,0.00124825033554166,0.136821211355685,3.95064841255953,4.12769521369264,4.21961024170658,4.3116150108525,4.48654284178988,12014.438519609,1.00005563213579
"mu[27,4]",3.4598917211952,0.00181629937646782,0.196282070186061,3.08056497845676,3.32799742017272,3.46081566593811,3.59098998181891,3.84598939079613,11678.481899708,1.00012534611138
"mu[28,1]",6.8045683952874,0.00335153796215495,0.350596803908243,6.14266838961941,6.56451049347231,6.80267763592578,7.03898729392658,7.50947282074156,10942.7787786934,0.999963164933991
"mu[28,2]",5.90433049362288,0.00210368976168853,0.233444174547395,5.44920878086274,5.74619949930291,5.90463119017914,6.05522833564318,6.3711777559558,12314.1005389745,0.999898841218756
"mu[28,3]",5.49357152181479,0.00213263368924837,0.235705147143741,5.03472816949604,5.3344696660409,5.49379499806619,5.64638934278789,5.96408345871442,12215.3411894045,0.999897805349557
"mu[28,4]",4.84870276823249,0.00293438566423371,0.306955212847905,4.24507584587313,4.64550388706079,4.84764282529819,5.0554855493299,5.45045875233832,10942.4769829516,0.999906139296132
"lp__",-526.380588135045,0.117615235060765,6.47869153916195,-540.29699218526,-530.463144629013,-526.023206951079,-521.794041959694,-514.796823044553,3034.22263777243,1.00053873604781
