"parameter","mean","se_mean","sd","2.5%","50%","97.5%","n_eff","Rhat"
"C[1]",7.67043199990813,0.00724407281786568,0.515905504895724,6.94263063378747,7.56821461389373,8.89534024724056,5071.94703310073,1.00036082299686
"C[2]",6.90150755733935,0.00800510230592839,0.549234202758725,6.11656166498646,6.79900230101817,8.19376905239782,4707.40295577467,0.999900179590601
"C[3]",6.88390140064113,0.00832187485725385,0.573896510863656,6.08427641885689,6.77863171588831,8.25786711605843,4755.81341274435,1.00001102279092
"C[4]",6.78692634917276,0.0114568548840053,0.763264073692083,5.52513050416081,6.73657849185948,8.39766069114561,4438.32210552234,1.00002417896644
"C[5]",6.72962367242313,0.00648069116098112,0.470770113264376,6.07582615077654,6.63206029802056,7.90005740662576,5276.85446867771,1.00010847361437
"C[6]",6.50956964886573,0.0129908552282877,0.824218982793062,5.06296260291405,6.47161916952419,8.21988356390101,4025.40646133708,1.00001981896028
"C[7]",7.15454226592,0.00646063292115919,0.442259072887193,6.53102164720731,7.07165504224876,8.21469270392161,4686.0117166936,0.999731266282373
"C[8]",7.25042201086404,0.00547975291714059,0.397727869088444,6.68567993521858,7.17154240617649,8.23141270837034,5268.05249222147,0.999989718122585
"C[9]",7.59686935729242,0.00522628714640793,0.359634256967317,7.08060408926848,7.52496263722713,8.51410010035184,4735.16997078324,1.00013229918345
"C[10]",7.27728805000807,0.00651668447215244,0.432680682931575,6.67474144987685,7.19310669525462,8.31531216878381,4408.40641571368,1.00089804238738
"C[11]",7.06990713756182,0.00723327392805102,0.499337345836875,6.3771386226545,6.96769232671162,8.2725267437263,4765.60751829434,0.999947528079192
"C[12]",5.91435021301435,0.00668359433819465,0.450789175383601,5.288213621443,5.8244142095955,7.01506078692652,4549.11371421968,0.999741872805834
"C[13]",8.45826901902555,0.00701837239014961,0.491129213998744,7.77641945932283,8.3613474307904,9.65617343926178,4896.87164531699,1.00028072889514
"C[14]",8.31953624103432,0.00708680713940497,0.498222873032795,7.64366291849025,8.20987458085659,9.50947418602768,4942.49337143629,0.999711455435196
"C[15]",8.00237691630855,0.00703928360844581,0.513399714849148,7.27950837149621,7.9023420480959,9.23029050316527,5319.29798746165,1.00004160918706
"C[16]",7.78367310072815,0.00739116899788679,0.531905221403925,7.03516740813065,7.69822151357002,9.04956082548458,5178.95624902396,0.99963543265445
"C[17]",6.68017231667477,0.00937113231659504,0.641327016781372,5.72433143412132,6.59040471622871,8.10202329551994,4683.54752141474,0.999763740822235
"C[18]",6.51494652897156,0.00634496149443119,0.451627594411672,5.89106950644922,6.4161254520466,7.61663119489287,5066.4406221999,1.00026577588974
"C[19]",3.86804176222537,0.00649844144501918,0.466812243285136,3.20441476718532,3.78014068247065,4.99731085202668,5160.19431364378,0.999633438568885
"C[20]",6.19573814941747,0.0122398042547296,0.898206475680455,4.48156025690346,6.19231673231303,7.98426737106004,5385.21961292552,0.999644017481229
"C[21]",3.9218211421053,0.0108479336977321,0.685802508577727,2.89802901685899,3.82845621000863,5.4755947212077,3996.72341163131,1.00044047430007
"C[22]",6.50908271545262,0.00755922536041435,0.555922504668451,5.74065076285021,6.4002670590103,7.83583580955423,5408.46376880224,0.999617974127168
"C[23]",7.34370810140161,0.00955111489203701,0.650278007496213,6.39104388517221,7.2568350340187,8.81828148846122,4635.42964724305,1.00054676174191
"C[24]",6.54809575413816,0.00966618324649862,0.690550252751162,5.4831592856167,6.47713123298772,8.07539670644039,5103.64583491664,0.999724049104096
"C[25]",6.92186755656452,0.0101884696453719,0.689130547293197,5.85470758626188,6.84915690267032,8.4595689538353,4574.93671752387,1.00015290346308
"C[26]",6.6063331826884,0.0100908701263906,0.675540669315097,5.57077704840121,6.52857262932619,8.10609884826858,4481.73079666198,0.999639982884507
"C[27]",8.4330514174956,0.011080596293642,0.810806832217819,6.98622587527076,8.40920132816855,10.1146436151683,5354.37192349232,1.00003001860273
"C[28]",8.33960188723199,0.0131364907076483,0.853325805124076,6.76353500734789,8.31973394251619,10.0443725493282,4219.59755928804,1.00092791438617
"C[29]",5.91394816030684,0.00905677646293527,0.64196632973971,4.93701897308353,5.8361669976851,7.35412330211665,5024.31897787539,1.00010411151192
"C[30]",5.27767783022819,0.00973504345573972,0.64948987250956,4.29687735645651,5.19135593346262,6.75536335167988,4451.11667160027,1.00035740111901
"C[31]",6.7527364649091,0.0126945834347504,0.866225796438222,5.11382167102391,6.74279805259729,8.48299079995056,4656.13235801366,0.999929951621213
"C[32]",6.68874804771965,0.0119851500712498,0.77341882352522,5.40053546728882,6.64081527424817,8.31003632055466,4164.30492655487,1.0013716616356
"C[33]",7.25957119906213,0.0102184108338381,0.733157020983375,6.10587668527179,7.17995176674108,8.85339360017409,5147.86650901785,0.999869380293563
"C[34]",6.30926069328208,0.00648288822727845,0.459016893918979,5.67359939987912,6.21322720063824,7.43686407798236,5013.26049754601,0.999587340722813
"C[35]",7.88212958847334,0.00860071984378619,0.571548613581675,7.07075050452702,7.78593398949816,9.20848893299179,4416.07813078316,0.999864534045599
"C[36]",7.38497271409722,0.00679118884679224,0.463609561619531,6.74411248419729,7.28782734297608,8.47811573186824,4660.29226828151,1.0003638156274
"C[37]",7.30453737992178,0.0087292948975078,0.614371665696189,6.40312809701202,7.21926049508639,8.69026179549281,4953.40713955669,1.0001236914312
"C[38]",6.75842524954374,0.00654449306385294,0.451891546674346,6.11975757712939,6.67048316566292,7.84439009053454,4767.7822339907,0.999841183797115
"C[39]",7.29227532727617,0.00678262717937572,0.458415102082656,6.66282478549817,7.20209963904438,8.40442083987166,4567.95631108378,1.00143918391478
"C[40]",7.69097597756491,0.00955446372277658,0.657027255750359,6.70957630067197,7.58560301699485,9.19051125771512,4728.83477771263,1.00026763284882
"C[41]",7.91789042925203,0.00677165107327172,0.498463885982997,7.20709227940271,7.82036441570911,9.09659995673223,5418.48972326207,0.999660790550293
"C[42]",7.65306525546758,0.00661287315138823,0.458092349881167,7.00572113119845,7.56854175238915,8.72777386563667,4798.72313784043,0.999839493156507
"C[43]",5.75351628675221,0.00741595800516744,0.528221192299607,5.00959356963542,5.6482150735633,7.01224150079362,5073.3768008649,0.999711494434584
"C[44]",7.51273630568367,0.00818831903976786,0.57473748681894,6.66963350437893,7.42066864151611,8.80691844350202,4926.62535791922,1.00062938810908
"C[45]",6.12854307238779,0.009482030191784,0.627567632257012,5.20483540964694,6.037197256658,7.5731190490209,4380.44674258715,0.99973486934892
"C[46]",5.31357073011473,0.01092055892272,0.737381123829727,4.18074441844545,5.23280622541512,6.94245030912159,4559.25936598229,1.00021275210046
"C[47]",4.48930331992303,0.0120780721873067,0.841980560225548,3.07103617373156,4.42380433960212,6.25012686102009,4859.69358940664,1.00003389116319
"C[48]",5.96367207577371,0.00868994779702946,0.589529712679055,5.1143953274746,5.85692928351031,7.34289181544215,4602.32265370312,0.999934534801424
"C[49]",4.82280169748121,0.0214838071048803,1.34933457760637,2.5395422735307,4.75457722377356,7.67937172422286,3944.72570850011,1.00009305067466
"C[50]",5.54215403165233,0.0116376516295592,0.891079284132282,3.86590741391692,5.52035034741622,7.33653292051703,5862.75829028678,0.999760119721912
"C[51]",4.63399836867067,0.0106136990476945,0.704080635417337,3.5311049660434,4.57213445040921,6.15434986734757,4400.59359004838,0.999915047929315
"C[52]",4.97492089374829,0.0160944779039122,1.08225304469646,2.94226370692265,4.96666529160808,7.2086202596351,4521.72188185187,0.999952934926504
"C[53]",5.64210620536002,0.0187555727795686,1.24130752306445,3.22649822344673,5.62040101601717,8.09202944392139,4380.24206550287,1.00010967238955
"C[54]",8.28268127363727,0.0214533202954852,1.5989908598824,5.10811725407274,8.28185671086212,11.4427538828616,5555.24131343489,1.00061797726372
"C[55]",8.22011888601275,0.0247671100445321,1.68471545319299,4.97294306642135,8.21389732636155,11.4920169372991,4627.0314495198,0.999785136286031
"C[56]",8.15683279475767,0.0291481684247953,1.6652541848668,4.80739169763813,8.17096551927222,11.4091903745406,3263.91264510803,1.00135883108408
"C[57]",8.17740783935214,0.0235033477682264,1.68453151942306,4.83684131484554,8.18826604499485,11.5320612315268,5136.87301136477,1.00023903843023
"C[58]",8.31223748110674,0.0231146946539161,1.59461010547594,5.17898448928075,8.28141079491051,11.4862672455416,4759.18626436675,0.999886692684185
"C[59]",4.62125497777869,0.0170625381822361,1.130832822303,2.65442888222668,4.57706920882181,7.00913554789833,4392.47742590075,1.00022386058987
"C[60]",8.30717375765401,0.0227627377048236,1.62600261465654,5.21423798857899,8.25717579731429,11.4944638719005,5102.62310408625,0.999955113733369
"C[61]",4.60423784039539,0.0072579493369097,0.507578029733879,3.8657720062774,4.51550557767628,5.79878895605931,4890.7759341525,1.00013733568849
"C[62]",8.62792213671537,0.0189603405273557,1.5244309053009,5.82723971043529,8.57913491610398,11.7394391198573,6464.32560598511,0.999988049495595
"C[63]",5.92560090862892,0.0136826494615095,1.0056323382042,3.95363756538944,5.91728083478312,7.93273118342762,5401.79451369177,0.999595547886541
"C[64]",8.42337990913288,0.0253932574675218,1.60275821300757,5.33585583931916,8.40913912841976,11.5576688479352,3983.81525085377,1.00030963292646
"C[65]",5.34099424644193,0.0141269509402868,0.956298176286985,3.59503350679563,5.31811632803488,7.29226690948194,4582.36607641863,1.00065894314959
"C[66]",4.76496572781343,0.021939650089647,1.31557413366483,2.54577417893987,4.67658298427299,7.55262211622586,3595.59906024067,1.00109884631462
"sigma_tech",0.503136966645104,0.000209791654184232,0.0177866012019419,0.469862302381836,0.502402195640328,0.539392097469169,7188.02403824876,1.00072404266815
"alpha",-4.01310630362948,0.00557845145384335,0.500332839552346,-5.04983072792659,-3.99752767400657,-3.1029083110758,8044.34525538627,0.999709172288702
"beta",1.73208003033924,0.00191887647042557,0.172179744756851,1.41877875054374,1.72330703419728,2.0920515666376,8051.37554848627,0.999679654178617
"logC50",2.31284309451519,0.00115248023068258,0.108243948520575,2.09181991568918,2.31484239243228,2.52189540445268,8821.45622611225,0.999678654959038
