"obs_i","mean","se_mean","sd","lo95","lo50","med","hi50","hi95","n_eff","Rhat","Timepoint","True_Hours","Carboy","Fold"
1,8.29793321600171,0.0678051354044593,4.32667931879387,0.892418067161073,5.06577579432496,8.03963007493427,11.2165497581566,17.3355064394869,4071.77939466187,0.999787636364623,0,0,3,"1+2"
2,9.21580774655379,0.0687172759615674,4.47335434383657,1.28874325703708,5.95199699491704,9.03303119463189,12.2393000145022,18.3462960180625,4237.74413466337,1.00136316163191,1,4,3,"1+2"
3,12.939005642069,0.0669610576355454,4.72315030173265,3.79671163904318,9.64164259338787,12.8842372913824,16.1969803162822,22.2467461756567,4975.29599008781,1.00056318207989,2,8,3,"1+2"
4,9.58464462624056,0.0670312615508161,4.48345280923639,1.60100238550527,6.34498869229457,9.42862329331745,12.5533282996192,18.8724006689069,4473.73669495082,0.999861960078328,3,11.7,3,"1+2"
5,17.3102017453744,0.0645056427487033,4.78325660743002,7.65379693847449,14.1491404883071,17.3370923941051,20.4956777757497,26.6568638762834,5498.59770157868,0.999989117837547,4,19.7,3,"1+2"
6,25.4290947434672,0.0656472880882363,4.96549955170293,15.5847668687138,22.088401829001,25.4584702686011,28.8538013231871,35.2623614062634,5721.26829446589,0.999913831700546,5,27.7,3,"1+2"
1,3.69103227350401,0.0480189467689615,3.02861742543681,0.117654396205134,1.34051316220442,2.96003606674591,5.32138728760425,11.2700910552641,3977.9889574743,1.00032104384103,0,0,2,"1+3"
2,3.75781941623534,0.0461733439377087,3.02596861284261,0.15984506716804,1.37920872666658,3.03846063352954,5.42839581436965,11.070392166945,4294.83201779372,1.00038168872246,1,3.7,2,"1+3"
3,5.29703816307022,0.0544025706328875,3.74898347147438,0.252683060102303,2.3137334220852,4.72491500527001,7.41302368488794,14.1414615373516,4748.84733770575,1.00140828137986,2,7.5,2,"1+3"
4,12.4391198941214,0.0815148495885898,5.31683043927017,2.44864572217696,8.69324199707493,12.2840207304774,15.9255006618473,23.2518148368947,4254.33963270303,1.00000745417722,3,11.5,2,"1+3"
5,26.4084796506805,0.0781222017130555,5.45222517790345,15.4093519148314,22.8592058164484,26.4795198437179,30.0959300765774,36.8375552977135,4870.78117629157,1.00059143986869,4,19.4,2,"1+3"
6,29.4820049498499,0.0786903344999382,5.77675050189085,18.2664081407038,25.6243133807558,29.4424659163844,33.3286007107103,41.0193683289677,5389.20170658826,0.999967306938425,5,27.3,2,"1+3"
1,4.04567085573987,0.0427931847689222,3.0011704550041,0.20161084786475,1.65984960828322,3.47209004748046,5.74495651703604,11.2544644160992,4918.49355888286,1.00037726813149,0,0,1,"2+3"
2,3.51308302820159,0.0416572646009493,2.83905269281531,0.0971356140045,1.29106849377374,2.85750744750951,4.99606133621214,10.5938995028474,4644.78278096693,1.00010840511642,1,3.4,1,"2+3"
3,8.650206143192,0.0642938726907182,4.41352427258034,0.934911307088252,5.37295433567739,8.38566733067425,11.6367419343752,17.6839024101905,4712.28845128887,0.999820943037112,2,7.2,1,"2+3"
4,17.8085811342204,0.0698002872934605,4.79684498214565,8.23617356804266,14.6159068387343,17.8498280707107,21.0586049893705,27.1829332203972,4722.77164597937,1.00026791805005,3,11.3,1,"2+3"
5,25.7718350135149,0.0625796040671794,4.73882803246673,16.6002500192328,22.5955245876416,25.6843882339539,29.0559905039389,35.0695764463474,5734.2454086123,1.0003914701518,4,19.3,1,"2+3"
6,18.102015949054,0.075082822912108,4.91802133245525,8.57523864472633,14.7885557470158,18.0902037841682,21.3372046144298,27.8517203709206,4290.41824990932,1.00117062463243,5,27.2,1,"2+3"
