"scenario","true","med","mean","sd","lo95","hi95","lo50","hi50"
"distinct rates",0.5,1.07891081024826,1.19872100993356,0.811228866415599,0.0577032171981726,3.04995765067863,0.546122952385746,1.72078781198045
"distinct rates",2.20689655172414,2.46993115167168,2.49526488886028,1.1473724183466,0.43321261767638,4.84760857749693,1.66535419381748,3.27508739341127
"distinct rates",3.91379310344828,3.89106403866083,3.86619006099081,1.1782620587317,1.54897423378305,6.20969580719934,3.05487864137428,4.673902599269
"distinct rates",5.62068965517241,5.78050705510499,5.77734727895768,1.1403326807838,3.5788819247103,7.98787279574064,5.02644960048485,6.52631441558898
"distinct rates",7.32758620689655,6.92623853219997,6.92222627234414,1.19004048036211,4.6144832067989,9.27681334583601,6.09642170331033,7.71971869641769
"distinct rates",9.03448275862069,8.97770880946154,8.99131310364482,1.18098679704218,6.66683431958758,11.2532259123197,8.19195786332543,9.79351054684084
"distinct rates",10.7413793103448,9.7548189421163,9.75465850922101,1.20774596646941,7.30498071923701,12.1418005554788,8.94635846711171,10.5611211016419
"distinct rates",12.448275862069,10.8435141247296,10.8527922615373,1.22930635639315,8.37900263788659,13.2594950488329,10.0634683830834,11.6876752889718
"distinct rates",14.1551724137931,11.1614820332154,11.1555723945229,1.20942187383272,8.82836625698616,13.4746632226733,10.3055665307772,11.9955559824633
"distinct rates",15.8620689655172,14.0484994303255,14.0452445705964,1.56205031098455,11.0125010008296,17.1470079356929,12.9940826079961,15.0635723496611
"distinct rates",17.5689655172414,17.19248767044,17.3140344111737,2.64438340622485,12.5227872920356,23.0040499738045,15.407063293869,19.0598271962205
"distinct rates",19.2758620689655,17.7551135894329,17.8172398102514,2.7383051456653,12.5844895996621,23.1776087432752,15.9405953282107,19.6812049043367
"distinct rates",20.9827586206897,22.8485472475621,22.9026361331894,2.89320625420282,17.2016565520365,28.6919410522598,20.9728936412127,24.7770402580367
"distinct rates",22.6896551724138,23.8702704023842,23.8286594094094,2.81081017884225,18.3578356746532,29.3725156616184,21.9097098093165,25.6876123233987
"distinct rates",24.3965517241379,24.2611436815676,24.2294891677917,2.96434283526172,18.3866141205731,30.0005092694055,22.1804427032734,26.2770792799185
"distinct rates",26.1034482758621,28.1180952381134,28.0987324746887,3.16227439755761,22.0108744957711,34.3702833467768,25.9730226942116,30.1664870582555
"distinct rates",27.8103448275862,28.4221332746322,28.3754420546195,2.91510792393726,22.6231613306289,34.1272504615686,26.3937496893717,30.3215866440123
"distinct rates",29.5172413793103,32.7768457503284,32.7392688815437,2.81899501672743,27.1371195166773,38.1664460988351,30.8722682519961,34.620535328644
"distinct rates",31.2241379310345,31.7868480942963,31.7836084418918,3.18488953509485,25.614697951387,38.1552872016741,29.6301578597529,33.8765607847021
"distinct rates",32.9310344827586,32.9584752452565,32.9825804720274,3.18754795293965,26.7058188924598,39.3068938599085,30.8212515259127,35.0913465945776
"distinct rates",34.6379310344828,32.995306980663,32.9999730134851,3.42434260731226,26.2811338318512,39.7183149605325,30.6173403086617,35.3387481167814
"distinct rates",36.3448275862069,35.7431437676004,35.7706085686232,3.73529196281454,28.4880573508565,43.0111710670759,33.2689216582752,38.2868597994143
"distinct rates",38.051724137931,32.798127907357,32.7697849408972,3.63183107445924,25.6850876613126,40.0937185427245,30.3238481820952,35.1788570866214
"distinct rates",39.7586206896552,37.9674999447666,37.9692495819523,3.79642481480588,30.6078776074799,45.5980055859986,35.4018619521896,40.4853511278569
"distinct rates",41.4655172413793,46.182361225265,46.4669115645056,7.11615146473258,33.2263184328203,61.3116404853243,41.4547562759915,51.0836222176543
"distinct rates",43.1724137931034,44.7230261997736,45.0988589638043,6.93584318056864,32.4851970540053,59.5751334463876,40.3295246731147,49.6055344215251
"distinct rates",44.8793103448276,46.9696799144394,47.1970926152271,7.23110576166771,33.7325200561401,61.7109278701179,42.208632828927,52.0231552756513
"distinct rates",46.5862068965517,48.6535194197032,48.8839846123705,7.34767611238866,35.0617428584266,63.6574353289142,43.6540790519763,53.7979241924339
"distinct rates",48.2931034482759,48.0873689671371,48.2558182438756,7.81371914541554,33.5276780159713,63.4989714673897,42.6639415552823,53.5959672484159
"distinct rates",50,45.6068985221506,45.8558846847309,7.31602107080431,32.2050736271075,61.0396463652794,40.8011215504663,50.8412737049931
"actual rates",0.5,8.38549877673746,8.73460339522391,4.95188974704741,0.651455522299739,19.2499275238693,4.93553748325845,12.1262342428632
"actual rates",2.20689655172414,6.30619516418542,6.88154625750443,4.51924170658588,0.337166155757453,16.9598759538037,3.25253712526301,9.74354406201213
"actual rates",3.91379310344828,5.30330791978954,5.89961187511624,3.99645749926498,0.311936291153589,15.1055179376263,2.78225056842116,8.33711311129199
"actual rates",5.62068965517241,7.9515065370431,8.44817545772853,4.81975435050952,0.861904533281126,18.7349769029863,4.65210682577862,11.7265251014448
"actual rates",7.32758620689655,3.64627019394071,4.38875266512063,3.44377309330173,0.146961720350584,12.7833455721426,1.65457304528633,6.34771321865782
"actual rates",9.03448275862069,9.09567811851698,9.43717719317413,5.15926537668176,0.827942272613022,20.3796306567031,5.56046057367077,12.837967844548
"actual rates",10.7413793103448,4.0476489262923,4.72499002401035,3.54565611854448,0.19441932785147,13.0470926078535,1.93599530151655,6.81684632567647
"actual rates",12.448275862069,9.45455332228363,9.78961985175028,5.18262486536934,0.891482871343056,20.4038279273383,5.96530832219517,13.4673738051477
"actual rates",14.1551724137931,7.15103791323072,7.62166593025802,4.63712090131061,0.516856991204574,17.7657370344113,3.967161152623,10.6664945997315
"actual rates",15.8620689655172,9.7976894019557,10.0675783168121,5.20448948864905,1.07462814854383,21.5394622859285,6.25686708158022,13.399416802635
"actual rates",17.5689655172414,15.5135551318213,15.4075335199205,5.70851934628261,4.19699114250209,26.5593495272933,11.5405222460547,19.29701556422
"actual rates",19.2758620689655,13.8002340423162,13.8271859238871,5.65750519472125,3.31722964232603,25.0031482305873,9.83498578902059,17.7337456444144
"actual rates",20.9827586206897,23.9523154146945,23.9273515144751,5.78832842991817,12.3603666458588,35.1770859928895,20.1992222782653,27.9412114842905
"actual rates",22.6896551724138,20.7887012013254,20.7251417594713,5.78442720562901,9.23035174538702,32.1381458503533,16.9048632208349,24.4891886068846
"actual rates",24.3965517241379,22.4634867934186,22.5325887779046,5.68169138629611,11.492964457446,33.7313983513509,18.6479226014582,26.4178202364799
"actual rates",26.1034482758621,25.0838960621145,25.0236758555041,5.74613117961169,13.5024193572447,36.3027537360861,21.1996156429781,28.8541162717072
"actual rates",27.8103448275862,26.4782999762843,26.4704508902372,5.83996685101378,15.0140052451108,37.671201823725,22.4094057718159,30.4246179135987
"actual rates",29.5172413793103,36.1275822342451,36.2407111603344,5.83784227689496,25.2459085048298,47.6396445422841,32.2195254317145,40.2555277559303
"actual rates",31.2241379310345,27.7634328806512,27.624490354371,5.78216685186834,16.3130503643897,38.7199822514136,23.6870194358985,31.5127498218291
"actual rates",32.9310344827586,32.0172690740351,32.0976432093503,6.08242809002222,20.2482158586031,44.0115552699771,27.9706299822176,36.3737140001742
"actual rates",34.6379310344828,32.224186229475,32.3026268915651,6.26630545893392,20.3075193270039,44.6241598849048,28.1233867789603,36.6065026067756
"actual rates",36.3448275862069,37.1054579689074,37.2215233373277,6.3034068754723,25.2126849535552,49.7413356221214,32.8934002788477,41.5596026077893
"actual rates",38.051724137931,29.6074460354848,29.688584427489,6.30052077900901,17.2888534314341,42.1554626883794,25.5769735939201,33.9916925785798
"actual rates",39.7586206896552,37.1587706861334,37.0884559777466,6.35482799410294,24.8863946856725,49.5420498908514,32.6829007902971,41.3001984711486
"actual rates",41.4655172413793,41.5373473393316,41.3902638050814,6.82371326556894,28.0311592252706,55.0818459696872,36.7062661346417,45.9626851747023
"actual rates",43.1724137931034,38.2254810964149,38.2165391352242,6.79872136255289,24.8580227487906,51.4070062724941,33.6640037627482,42.7843272147441
"actual rates",44.8793103448276,40.8034532724218,40.8060634128848,7.10256389060646,27.0994847236031,54.6125253175441,36.0660729800316,45.4581979211605
"actual rates",46.5862068965517,50.5495500157903,50.6353446352958,8.29476334134328,34.5530690327699,67.5876427917278,45.0846884397882,56.1056194243272
"actual rates",48.2931034482759,37.4656143434873,37.6651837403951,7.76967226802644,22.9764245486564,53.6259740174564,32.3577359943264,42.7526966392055
"actual rates",50,50.670275192447,51.0023136309233,10.6417072090534,31.3399984469746,73.1343884965957,43.6328482585,57.7368612190392
