"scenario","component","true","estimate","lo95","hi95","covered"
"distinct rates","sigma_bio",0.6,0.557006754217392,0.507104688928498,0.614879625436538,TRUE
"distinct rates","sigma_tech",0.11,0.111433214060535,0.105047199213907,0.118537498082546,TRUE
"distinct rates","beta",2,2.18051117293922,1.72556282217794,2.72149762600264,TRUE
"distinct rates","logC50",2.30258509299405,2.2132725151227,2.00911639350717,2.40541629206189,TRUE
"actual rates","sigma_bio",0.6,0.533214241734056,0.488357918040597,0.582271313701596,FALSE
"actual rates","sigma_tech",0.11,0.110331601828925,0.104037338432228,0.117263635933408,TRUE
"actual rates","beta",2,2.23351532332608,1.87216286971759,2.63842936594649,TRUE
"actual rates","logC50",2.30258509299405,2.4100144983181,2.27220107574151,2.54382840366382,TRUE
"low biological variation","sigma_bio",0.1,0.104040802062688,0.0871659686321161,0.121961935596361,TRUE
"low biological variation","sigma_tech",0.11,0.111780145944594,0.103621701501015,0.120527414947375,TRUE
"low biological variation","beta",2,2.18012020032393,1.78701694613893,2.59849919395172,TRUE
"low biological variation","logC50",2.30258509299405,2.2824064234733,2.11420977379507,2.44326549510414,TRUE
"observed biological variation","sigma_bio",0.6,0.602445861159407,0.54111349839312,0.676862811941398,TRUE
"observed biological variation","sigma_tech",0.11,0.111413042819012,0.103493374812454,0.120391167813275,TRUE
"observed biological variation","beta",2,2.17167826304588,1.80557832699857,2.61029130524463,TRUE
"observed biological variation","logC50",2.30258509299405,2.34094575474013,2.16461795411165,2.50708807870406,TRUE
"high biological variation","sigma_bio",1.2,1.18404947582893,1.06359423296548,1.32253946016712,TRUE
"high biological variation","sigma_tech",0.11,0.111959291874144,0.104192032150548,0.120580946154334,TRUE
"high biological variation","beta",2,1.98820275581585,1.63802466171254,2.37925473941496,TRUE
"high biological variation","logC50",2.30258509299405,2.33789516176968,2.15626672156992,2.514029741607,TRUE
"2 markers, similar rates","sigma_bio",0.6,0.501349950499205,0.432188850828128,0.580720659623736,FALSE
"2 markers, similar rates","sigma_tech",0.11,0.111463629890564,0.101667748934835,0.122379718500149,TRUE
"2 markers, similar rates","beta",2,1.882372272387,1.09572942085469,2.87270939432972,TRUE
"2 markers, similar rates","logC50",2.30258509299405,2.46011357551449,1.5725256451703,2.966372108586,TRUE
"3 markers","sigma_bio",0.6,0.555884229603927,0.479375811283751,0.649036421980315,TRUE
"3 markers","sigma_tech",0.11,0.108828141693972,0.0991261331390439,0.119886866732769,TRUE
"3 markers","beta",2,2.22299925677428,1.69091231680712,2.87010120177436,TRUE
"3 markers","logC50",2.30258509299405,2.37847664613506,2.0928007629434,2.66032279862567,TRUE
"6 markers","sigma_bio",0.6,0.621626127298279,0.565084659420233,0.684807541481516,TRUE
"6 markers","sigma_tech",0.11,0.103047406001514,0.0966183651130626,0.110199307050998,TRUE
"6 markers","beta",2,2.10759004487779,1.73020563740893,2.54127539193284,TRUE
"6 markers","logC50",2.30258509299405,2.38730097688749,2.18817780495495,2.57876935523166,TRUE
