"assay_name","samp_name","technical_rep_id","pcr_plate_id","well_id","detected_notDetected","estimatedNumberOfCopies","estimatedNumberOfCopies_unit","estimatedNumberOfCopies_method","estimatedNumberOfCopies_error","estimatedNumberOfCopies_error_type","quantificationCycle","rfu","positivePartitions","acceptedPartitions","partitionVolumeMicroliters","concentrationInReaction","concentrationInReaction_unit","volumeFilteredLiters","dilutionFactor","dataset"
"Tt_longFrag","52345-502",1,"dPB133","C03","detected",175.984466599991,"copies/L","ddPCR Poisson estimate from partition counts, converted to copies per litre of water using the volume filtered","missing: not provided","missing: not provided","not applicable: dPCR","missing: not provided",16,21253,0.00085,0.879922333,"copies/uL",2.75,1,"field survey"
"Tt_longFrag","52345-502",2,"dPB133","C07","detected",171.364303799991,"copies/L","ddPCR Poisson estimate from partition counts, converted to copies per litre of water using the volume filtered","missing: not provided","missing: not provided","not applicable: dPCR","missing: not provided",14,19058,0.00085,0.856821519,"copies/uL",2.75,1,"field survey"
"Tt_longFrag","52345-502",3,"dPB133","C11","detected",187.375459199991,"copies/L","ddPCR Poisson estimate from partition counts, converted to copies per litre of water using the volume filtered","missing: not provided","missing: not provided","not applicable: dPCR","missing: not provided",15,18551,0.00085,0.936877296,"copies/uL",2.75,1,"field survey"
"Tt_longFrag","52345-503",1,"dPB134","D03","detected",86.2776707999957,"copies/L","ddPCR Poisson estimate from partition counts, converted to copies per litre of water using the volume filtered","missing: not provided","missing: not provided","not applicable: dPCR","missing: not provided",8,21730,0.00085,0.431388354,"copies/uL",2.75,1,"field survey"
"Tt_longFrag","52345-503",2,"dPB134","D07","detected",65.7981523999967,"copies/L","ddPCR Poisson estimate from partition counts, converted to copies per litre of water using the volume filtered","missing: not provided","missing: not provided","not applicable: dPCR","missing: not provided",6,21313,0.00085,0.328990762,"copies/uL",2.75,1,"field survey"
"Tt_longFrag","52345-503",3,"dPB134","D11","detected",70.8887795999965,"copies/L","ddPCR Poisson estimate from partition counts, converted to copies per litre of water using the volume filtered","missing: not provided","missing: not provided","not applicable: dPCR","missing: not provided",6,19854,0.00085,0.354443898,"copies/uL",2.75,1,"field survey"
"Tt_longFrag","52345-504",1,"dPB133","D02","detected",104.94111167347,"copies/L","ddPCR Poisson estimate from partition counts, converted to copies per litre of water using the volume filtered","missing: not provided","missing: not provided","not applicable: dPCR","missing: not provided",9,22594,0.00085,0.467464952,"copies/uL",2.45,1,"field survey"
"Tt_longFrag","52345-504",2,"dPB133","D06","detected",111.393955244899,"copies/L","ddPCR Poisson estimate from partition counts, converted to copies per litre of water using the volume filtered","missing: not provided","missing: not provided","not applicable: dPCR","missing: not provided",8,18893,0.00085,0.496209437,"copies/uL",2.45,1,"field survey"
"Tt_longFrag","52345-504",3,"dPB133","D10","detected",25.6176180408165,"copies/L","ddPCR Poisson estimate from partition counts, converted to copies per litre of water using the volume filtered","missing: not provided","missing: not provided","not applicable: dPCR","missing: not provided",2,20472,0.00085,0.114114844,"copies/uL",2.45,1,"field survey"
"Tt_longFrag","52345-505",1,"dPB133","C02","detected",11.0358875000001,"copies/L","ddPCR Poisson estimate from partition counts, converted to copies per litre of water using the volume filtered","missing: not provided","missing: not provided","not applicable: dPCR","missing: not provided",1,22461,0.00085,0.05216965,"copies/uL",2.6,1,"field survey"
"Tt_longFrag","52345-505",2,"dPB133","C06","detected",25.8987687115387,"copies/L","ddPCR Poisson estimate from partition counts, converted to copies per litre of water using the volume filtered","missing: not provided","missing: not provided","not applicable: dPCR","missing: not provided",2,19114,0.00085,0.122430543,"copies/uL",2.6,1,"field survey"
"Tt_longFrag","52345-505",3,"dPB133","C10","detected",32.9425116730772,"copies/L","ddPCR Poisson estimate from partition counts, converted to copies per litre of water using the volume filtered","missing: not provided","missing: not provided","not applicable: dPCR","missing: not provided",3,22622,0.00085,0.155728237,"copies/uL",2.6,1,"field survey"
"Tt_longFrag","52345-506",1,"dPB134","A04","detected",77.6781390000002,"copies/L","ddPCR Poisson estimate from partition counts, converted to copies per litre of water using the volume filtered","missing: not provided","missing: not provided","not applicable: dPCR","missing: not provided",7,21860,0.00085,0.374267397,"copies/uL",2.65,1,"field survey"
"Tt_longFrag","52345-506",2,"dPB134","A08","detected",91.5423582264154,"copies/L","ddPCR Poisson estimate from partition counts, converted to copies per litre of water using the volume filtered","missing: not provided","missing: not provided","not applicable: dPCR","missing: not provided",8,21257,0.00085,0.441067726,"copies/uL",2.65,1,"field survey"
"Tt_longFrag","52345-506",3,"dPB134","A12","detected",69.1733673773588,"copies/L","ddPCR Poisson estimate from partition counts, converted to copies per litre of water using the volume filtered","missing: not provided","missing: not provided","not applicable: dPCR","missing: not provided",6,21112,0.00085,0.333289861,"copies/uL",2.65,1,"field survey"
"Tt_longFrag","52345-507",1,"dPB134","A02","detected",10.5312011999995,"copies/L","ddPCR Poisson estimate from partition counts, converted to copies per litre of water using the volume filtered","missing: not provided","missing: not provided","not applicable: dPCR","missing: not provided",1,22303,0.00085,0.052656006,"copies/uL",2.75,1,"field survey"
"Tt_longFrag","52345-507",2,"dPB134","A06","notDetected",0,"copies/L","ddPCR Poisson estimate from partition counts, converted to copies per litre of water using the volume filtered","missing: not provided","missing: not provided","not applicable: dPCR","missing: not provided",0,17251,0.00085,0,"copies/uL",2.75,1,"field survey"
"Tt_longFrag","52345-507",3,"dPB134","A10","detected",13.2832695999993,"copies/L","ddPCR Poisson estimate from partition counts, converted to copies per litre of water using the volume filtered","missing: not provided","missing: not provided","not applicable: dPCR","missing: not provided",1,17679,0.00085,0.066416348,"copies/uL",2.75,1,"field survey"
"Tt_longFrag","52345-509",1,"dPB134","C01","detected",145.411203928576,"copies/L","ddPCR Poisson estimate from partition counts, converted to copies per litre of water using the volume filtered","missing: not provided","missing: not provided","not applicable: dPCR","missing: not provided",12,19000,0.00085,0.74027522,"copies/uL",2.8,1,"field survey"
"Tt_longFrag","52345-509",2,"dPB134","C05","detected",255.090040464293,"copies/L","ddPCR Poisson estimate from partition counts, converted to copies per litre of water using the volume filtered","missing: not provided","missing: not provided","not applicable: dPCR","missing: not provided",24,21688,0.00085,1.298640206,"copies/uL",2.8,1,"field survey"
"Tt_longFrag","52345-509",3,"dPB134","C09","detected",179.081456517862,"copies/L","ddPCR Poisson estimate from partition counts, converted to copies per litre of water using the volume filtered","missing: not provided","missing: not provided","not applicable: dPCR","missing: not provided",17,21880,0.00085,0.911687415,"copies/uL",2.8,1,"field survey"
"Tt_longFrag","52345-510",1,"dPB134","D02","detected",257.084445553579,"copies/L","ddPCR Poisson estimate from partition counts, converted to copies per litre of water using the volume filtered","missing: not provided","missing: not provided","not applicable: dPCR","missing: not provided",24,21449,0.00085,1.308793541,"copies/uL",2.8,1,"field survey"
"Tt_longFrag","52345-510",2,"dPB134","D06","detected",176.40799078572,"copies/L","ddPCR Poisson estimate from partition counts, converted to copies per litre of water using the volume filtered","missing: not provided","missing: not provided","not applicable: dPCR","missing: not provided",15,19577,0.00085,0.898077044,"copies/uL",2.8,1,"field survey"
"Tt_longFrag","52345-510",3,"dPB134","D10","detected",201.857211678577,"copies/L","ddPCR Poisson estimate from partition counts, converted to copies per litre of water using the volume filtered","missing: not provided","missing: not provided","not applicable: dPCR","missing: not provided",17,19365,0.00085,1.027636714,"copies/uL",2.8,1,"field survey"
"Tt_longFrag","52345-511",1,"dPB134","E04","detected",362.916242464296,"copies/L","ddPCR Poisson estimate from partition counts, converted to copies per litre of water using the volume filtered","missing: not provided","missing: not provided","not applicable: dPCR","missing: not provided",34,21502,0.00085,1.847573598,"copies/uL",2.8,1,"field survey"
"Tt_longFrag","52345-511",2,"dPB134","E08","detected",304.258123517866,"copies/L","ddPCR Poisson estimate from partition counts, converted to copies per litre of water using the volume filtered","missing: not provided","missing: not provided","not applicable: dPCR","missing: not provided",27,20377,0.00085,1.548950447,"copies/uL",2.8,1,"field survey"
"Tt_longFrag","52345-511",3,"dPB134","E12","detected",417.819975767869,"copies/L","ddPCR Poisson estimate from partition counts, converted to copies per litre of water using the volume filtered","missing: not provided","missing: not provided","not applicable: dPCR","missing: not provided",31,17046,0.00085,2.127083513,"copies/uL",2.8,1,"field survey"
"Tt_longFrag","52345-512",1,"dPB134","B03","detected",160.831595767862,"copies/L","ddPCR Poisson estimate from partition counts, converted to copies per litre of water using the volume filtered","missing: not provided","missing: not provided","not applicable: dPCR","missing: not provided",16,22841,0.00085,0.818779033,"copies/uL",2.8,1,"field survey"
"Tt_longFrag","52345-512",2,"dPB134","B07","detected",278.363820232151,"copies/L","ddPCR Poisson estimate from partition counts, converted to copies per litre of water using the volume filtered","missing: not provided","missing: not provided","not applicable: dPCR","missing: not provided",25,20672,0.00085,1.417124903,"copies/uL",2.8,1,"field survey"
"Tt_longFrag","52345-512",3,"dPB134","B11","detected",144.468596250004,"copies/L","ddPCR Poisson estimate from partition counts, converted to copies per litre of water using the volume filtered","missing: not provided","missing: not provided","not applicable: dPCR","missing: not provided",13,20685,0.00085,0.73547649,"copies/uL",2.8,1,"field survey"
"Tt_longFrag","52345-513",1,"dPB133","G03","detected",105.712229071432,"copies/L","ddPCR Poisson estimate from partition counts, converted to copies per litre of water using the volume filtered","missing: not provided","missing: not provided","not applicable: dPCR","missing: not provided",10,21796,0.00085,0.538171348,"copies/uL",2.8,1,"field survey"
"Tt_longFrag","52345-513",2,"dPB133","G07","detected",185.108851714291,"copies/L","ddPCR Poisson estimate from partition counts, converted to copies per litre of water using the volume filtered","missing: not provided","missing: not provided","not applicable: dPCR","missing: not provided",18,22380,0.00085,0.942372336,"copies/uL",2.8,1,"field survey"
"Tt_longFrag","52345-513",3,"dPB133","G11","detected",91.0514516607169,"copies/L","ddPCR Poisson estimate from partition counts, converted to copies per litre of water using the volume filtered","missing: not provided","missing: not provided","not applicable: dPCR","missing: not provided",9,22705,0.00085,0.463534663,"copies/uL",2.8,1,"field survey"
"Tt_longFrag","52345-514",1,"dPB134","D01","detected",24.297368660715,"copies/L","ddPCR Poisson estimate from partition counts, converted to copies per litre of water using the volume filtered","missing: not provided","missing: not provided","not applicable: dPCR","missing: not provided",2,19007,0.00085,0.123695695,"copies/uL",2.8,1,"field survey"
"Tt_longFrag","52345-514",2,"dPB134","D05","detected",120.813097035718,"copies/L","ddPCR Poisson estimate from partition counts, converted to copies per litre of water using the volume filtered","missing: not provided","missing: not provided","not applicable: dPCR","missing: not provided",11,21017,0.00085,0.615048494,"copies/uL",2.8,1,"field survey"
"Tt_longFrag","52345-514",3,"dPB134","D09","detected",45.9256537142871,"copies/L","ddPCR Poisson estimate from partition counts, converted to copies per litre of water using the volume filtered","missing: not provided","missing: not provided","not applicable: dPCR","missing: not provided",4,20107,0.00085,0.233803328,"copies/uL",2.8,1,"field survey"
"Tt_longFrag","52345-531",1,"dPB133","G04","detected",491.827505124136,"copies/L","ddPCR Poisson estimate from partition counts, converted to copies per litre of water using the volume filtered","missing: not provided","missing: not provided","not applicable: dPCR","missing: not provided",42,18458,0.00085,2.685080101,"copies/uL",3.002666667,1,"field survey"
"Tt_longFrag","52345-531",2,"dPB133","G08","detected",441.224094189477,"copies/L","ddPCR Poisson estimate from partition counts, converted to copies per litre of water using the volume filtered","missing: not provided","missing: not provided","not applicable: dPCR","missing: not provided",41,20061,0.00085,2.408816146,"copies/uL",3.002666667,1,"field survey"
"Tt_longFrag","52345-531",3,"dPB133","G12","detected",380.425513495737,"copies/L","ddPCR Poisson estimate from partition counts, converted to copies per litre of water using the volume filtered","missing: not provided","missing: not provided","not applicable: dPCR","missing: not provided",32,18313,0.00085,2.076892743,"copies/uL",3.002666667,1,"field survey"
"Tt_longFrag","52345-532",1,"dPB133","D04","detected",423.740013529784,"copies/L","ddPCR Poisson estimate from partition counts, converted to copies per litre of water using the volume filtered","missing: not provided","missing: not provided","not applicable: dPCR","missing: not provided",39,20002,0.00085,2.313363662,"copies/uL",3.002666667,1,"field survey"
"Tt_longFrag","52345-532",2,"dPB133","D08","detected",315.580206875494,"copies/L","ddPCR Poisson estimate from partition counts, converted to copies per litre of water using the volume filtered","missing: not provided","missing: not provided","not applicable: dPCR","missing: not provided",28,19312,0.00085,1.722876669,"copies/uL",3.002666667,1,"field survey"
"Tt_longFrag","52345-532",3,"dPB133","D12","detected",396.28854700308,"copies/L","ddPCR Poisson estimate from partition counts, converted to copies per litre of water using the volume filtered","missing: not provided","missing: not provided","not applicable: dPCR","missing: not provided",31,17118,0.00085,2.163495292,"copies/uL",3.002666667,1,"field survey"
"Tt_longFrag","52345-533",1,"dPB134","C02","detected",153.358225693456,"copies/L","ddPCR Poisson estimate from partition counts, converted to copies per litre of water using the volume filtered","missing: not provided","missing: not provided","not applicable: dPCR","missing: not provided",13,17665,0.00085,0.837242968,"copies/uL",3.002666667,1,"field survey"
"Tt_longFrag","52345-533",2,"dPB134","C06","detected",239.716848680096,"copies/L","ddPCR Poisson estimate from partition counts, converted to copies per litre of water using the volume filtered","missing: not provided","missing: not provided","not applicable: dPCR","missing: not provided",21,18449,0.00085,1.308708711,"copies/uL",3.002666667,1,"field survey"
"Tt_longFrag","52345-533",3,"dPB134","C10","detected",162.618029539009,"copies/L","ddPCR Poisson estimate from partition counts, converted to copies per litre of water using the volume filtered","missing: not provided","missing: not provided","not applicable: dPCR","missing: not provided",15,19330,0.00085,0.887795885,"copies/uL",3.002666667,1,"field survey"
"Tt_longFrag","52345-534",1,"dPB133","A04","detected",247.51936750856,"copies/L","ddPCR Poisson estimate from partition counts, converted to copies per litre of water using the volume filtered","missing: not provided","missing: not provided","not applicable: dPCR","missing: not provided",22,18820,0.00085,1.357606228,"copies/uL",3.016666667,1,"field survey"
"Tt_longFrag","52345-534",2,"dPB133","A08","detected",177.868412516256,"copies/L","ddPCR Poisson estimate from partition counts, converted to copies per litre of water using the volume filtered","missing: not provided","missing: not provided","not applicable: dPCR","missing: not provided",15,17778,0.00085,0.975581293,"copies/uL",3.016666667,1,"field survey"
"Tt_longFrag","52345-534",3,"dPB133","A12","detected",96.3995230501209,"copies/L","ddPCR Poisson estimate from partition counts, converted to copies per litre of water using the volume filtered","missing: not provided","missing: not provided","not applicable: dPCR","missing: not provided",8,17600,0.00085,0.528736778,"copies/uL",3.016666667,1,"field survey"
"Tt_longFrag","52345-535",1,"dPB133","B04","detected",45.1631875806447,"copies/L","ddPCR Poisson estimate from partition counts, converted to copies per litre of water using the volume filtered","missing: not provided","missing: not provided","not applicable: dPCR","missing: not provided",4,18924,0.00085,0.247713241,"copies/uL",3.016666667,1,"field survey"
"Tt_longFrag","52345-535",2,"dPB133","B08","detected",40.5255925645825,"copies/L","ddPCR Poisson estimate from partition counts, converted to copies per litre of water using the volume filtered","missing: not provided","missing: not provided","not applicable: dPCR","missing: not provided",4,21045,0.00085,0.222276735,"copies/uL",3.016666667,1,"field survey"
"Tt_longFrag","52345-535",3,"dPB133","B12","detected",21.0739682794392,"copies/L","ddPCR Poisson estimate from partition counts, converted to copies per litre of water using the volume filtered","missing: not provided","missing: not provided","not applicable: dPCR","missing: not provided",2,20191,0.00085,0.115587523,"copies/uL",3.016666667,1,"field survey"
"Tt_longFrag","52345-536",1,"dPB134","A03","detected",85.3902541231608,"copies/L","ddPCR Poisson estimate from partition counts, converted to copies per litre of water using the volume filtered","missing: not provided","missing: not provided","not applicable: dPCR","missing: not provided",9,22559,0.00085,0.468352606,"copies/uL",3.016666667,1,"field survey"
"Tt_longFrag","52345-536",2,"dPB134","A07","detected",79.3145820078101,"copies/L","ddPCR Poisson estimate from partition counts, converted to copies per litre of water using the volume filtered","missing: not provided","missing: not provided","not applicable: dPCR","missing: not provided",8,21573,0.00085,0.435028465,"copies/uL",3.016666667,1,"field survey"
"Tt_longFrag","52345-536",3,"dPB134","A11","detected",91.1845190120232,"copies/L","ddPCR Poisson estimate from partition counts, converted to copies per litre of water using the volume filtered","missing: not provided","missing: not provided","not applicable: dPCR","missing: not provided",9,21128,0.00085,0.500133271,"copies/uL",3.016666667,1,"field survey"
"Tt_longFrag","52345-537",1,"dPB133","A02","notDetected",0,"copies/L","ddPCR Poisson estimate from partition counts, converted to copies per litre of water using the volume filtered","missing: not provided","missing: not provided","not applicable: dPCR","missing: not provided",0,19342,0.00085,0,"copies/uL",3.007333333,1,"field survey"
"Tt_longFrag","52345-537",2,"dPB133","A06","detected",9.66295963308194,"copies/L","ddPCR Poisson estimate from partition counts, converted to copies per litre of water using the volume filtered","missing: not provided","missing: not provided","not applicable: dPCR","missing: not provided",1,22258,0.00085,0.052835892,"copies/uL",3.007333333,1,"field survey"
"Tt_longFrag","52345-537",3,"dPB133","A10","notDetected",0,"copies/L","ddPCR Poisson estimate from partition counts, converted to copies per litre of water using the volume filtered","missing: not provided","missing: not provided","not applicable: dPCR","missing: not provided",0,22807,0.00085,0,"copies/uL",3.007333333,1,"field survey"
"Tt_longFrag","52345-538",1,"dPB134","A01","notDetected",0,"copies/L","ddPCR Poisson estimate from partition counts, converted to copies per litre of water using the volume filtered","missing: not provided","missing: not provided","not applicable: dPCR","missing: not provided",0,18665,0.00085,0,"copies/uL",3.007333333,1,"field survey"
"Tt_longFrag","52345-538",2,"dPB134","A05","notDetected",0,"copies/L","ddPCR Poisson estimate from partition counts, converted to copies per litre of water using the volume filtered","missing: not provided","missing: not provided","not applicable: dPCR","missing: not provided",0,19782,0.00085,0,"copies/uL",3.007333333,1,"field survey"
"Tt_longFrag","52345-538",3,"dPB134","A09","notDetected",0,"copies/L","ddPCR Poisson estimate from partition counts, converted to copies per litre of water using the volume filtered","missing: not provided","missing: not provided","not applicable: dPCR","missing: not provided",0,21547,0.00085,0,"copies/uL",3.007333333,1,"field survey"
"Tt_longFrag","52345-539",1,"dPB134","E02","notDetected",0,"copies/L","ddPCR Poisson estimate from partition counts, converted to copies per litre of water using the volume filtered","missing: not provided","missing: not provided","not applicable: dPCR","missing: not provided",0,20320,0.00085,0,"copies/uL",3.007333333,1,"field survey"
"Tt_longFrag","52345-539",2,"dPB134","E06","notDetected",0,"copies/L","ddPCR Poisson estimate from partition counts, converted to copies per litre of water using the volume filtered","missing: not provided","missing: not provided","not applicable: dPCR","missing: not provided",0,20178,0.00085,0,"copies/uL",3.007333333,1,"field survey"
"Tt_longFrag","52345-539",3,"dPB134","E10","notDetected",0,"copies/L","ddPCR Poisson estimate from partition counts, converted to copies per litre of water using the volume filtered","missing: not provided","missing: not provided","not applicable: dPCR","missing: not provided",0,22174,0.00085,0,"copies/uL",3.007333333,1,"field survey"
"Tt_longFrag","52345-540",1,"dPB134","F03","detected",30.0982510015644,"copies/L","ddPCR Poisson estimate from partition counts, converted to copies per litre of water using the volume filtered","missing: not provided","missing: not provided","not applicable: dPCR","missing: not provided",3,21212,0.00085,0.16446414,"copies/uL",3.005333333,1,"field survey"
"Tt_longFrag","52345-540",2,"dPB134","F07","detected",58.8199924311038,"copies/L","ddPCR Poisson estimate from partition counts, converted to copies per litre of water using the volume filtered","missing: not provided","missing: not provided","not applicable: dPCR","missing: not provided",6,21887,0.00085,0.321406698,"copies/uL",3.005333333,1,"field survey"
"Tt_longFrag","52345-540",3,"dPB134","F11","detected",32.1379119711784,"copies/L","ddPCR Poisson estimate from partition counts, converted to copies per litre of water using the volume filtered","missing: not provided","missing: not provided","not applicable: dPCR","missing: not provided",3,19991,0.00085,0.175609342,"copies/uL",3.005333333,1,"field survey"
"Tt_longFrag","52345-541",1,"dPB133","C04","detected",77.8699411577068,"copies/L","ddPCR Poisson estimate from partition counts, converted to copies per litre of water using the volume filtered","missing: not provided","missing: not provided","not applicable: dPCR","missing: not provided",7,19167,0.00085,0.425500236,"copies/uL",3.005333333,1,"field survey"
"Tt_longFrag","52345-541",2,"dPB133","C08","detected",86.3284412418308,"copies/L","ddPCR Poisson estimate from partition counts, converted to copies per litre of water using the volume filtered","missing: not provided","missing: not provided","not applicable: dPCR","missing: not provided",8,19774,0.00085,0.471719531,"copies/uL",3.005333333,1,"field survey"
"Tt_longFrag","52345-541",3,"dPB133","C12","detected",42.7177017239049,"copies/L","ddPCR Poisson estimate from partition counts, converted to copies per litre of water using the volume filtered","missing: not provided","missing: not provided","not applicable: dPCR","missing: not provided",4,19913,0.00085,0.233419878,"copies/uL",3.005333333,1,"field survey"
"Tt_longFrag","52345-542",1,"dPB134","H01","detected",86.0683396779154,"copies/L","ddPCR Poisson estimate from partition counts, converted to copies per litre of water using the volume filtered","missing: not provided","missing: not provided","not applicable: dPCR","missing: not provided",8,19976,0.00085,0.470298273,"copies/uL",3.005333333,1,"field survey"
"Tt_longFrag","52345-542",2,"dPB134","H05","detected",20.7542563465792,"copies/L","ddPCR Poisson estimate from partition counts, converted to copies per litre of water using the volume filtered","missing: not provided","missing: not provided","not applicable: dPCR","missing: not provided",2,20613,0.00085,0.113406288,"copies/uL",3.005333333,1,"field survey"
"Tt_longFrag","52345-542",3,"dPB134","H09","detected",10.3842541382416,"copies/L","ddPCR Poisson estimate from partition counts, converted to copies per litre of water using the volume filtered","missing: not provided","missing: not provided","not applicable: dPCR","missing: not provided",1,20678,0.00085,0.056742082,"copies/uL",3.005333333,1,"field survey"
"Tt_longFrag","52345-543",1,"dPB134","D04","detected",21.5876086442381,"copies/L","ddPCR Poisson estimate from partition counts, converted to copies per litre of water using the volume filtered","missing: not provided","missing: not provided","not applicable: dPCR","missing: not provided",2,19607,0.00085,0.117829093,"copies/uL",3.002,1,"field survey"
"Tt_longFrag","52345-543",2,"dPB134","D08","detected",30.6987706862105,"copies/L","ddPCR Poisson estimate from partition counts, converted to copies per litre of water using the volume filtered","missing: not provided","missing: not provided","not applicable: dPCR","missing: not provided",3,20853,0.00085,0.167559472,"copies/uL",3.002,1,"field survey"
"Tt_longFrag","52345-543",3,"dPB134","D12","detected",22.7705303964033,"copies/L","ddPCR Poisson estimate from partition counts, converted to copies per litre of water using the volume filtered","missing: not provided","missing: not provided","not applicable: dPCR","missing: not provided",2,18728,0.00085,0.124285695,"copies/uL",3.002,1,"field survey"
"Tt_longFrag","52345-544",1,"dPB134","F02","detected",43.7376281978699,"copies/L","ddPCR Poisson estimate from partition counts, converted to copies per litre of water using the volume filtered","missing: not provided","missing: not provided","not applicable: dPCR","missing: not provided",4,19676,0.00085,0.238727927,"copies/uL",3.002,1,"field survey"
"Tt_longFrag","52345-544",2,"dPB134","F06","detected",31.9435106429061,"copies/L","ddPCR Poisson estimate from partition counts, converted to copies per litre of water using the volume filtered","missing: not provided","missing: not provided","not applicable: dPCR","missing: not provided",3,20160,0.00085,0.174353489,"copies/uL",3.002,1,"field survey"
"Tt_longFrag","52345-544",3,"dPB134","F10","detected",33.2320071119268,"copies/L","ddPCR Poisson estimate from partition counts, converted to copies per litre of water using the volume filtered","missing: not provided","missing: not provided","not applicable: dPCR","missing: not provided",3,19406,0.00085,0.181386337,"copies/uL",3.002,1,"field survey"
"Tt_longFrag","52345-545",1,"dPB133","B02","notDetected",0,"copies/L","ddPCR Poisson estimate from partition counts, converted to copies per litre of water using the volume filtered","missing: not provided","missing: not provided","not applicable: dPCR","missing: not provided",0,22574,0.00085,0,"copies/uL",3.002,1,"field survey"
"Tt_longFrag","52345-545",2,"dPB133","B06","detected",50.2040469020674,"copies/L","ddPCR Poisson estimate from partition counts, converted to copies per litre of water using the volume filtered","missing: not provided","missing: not provided","not applicable: dPCR","missing: not provided",5,20873,0.00085,0.274022816,"copies/uL",3.002,1,"field survey"
"Tt_longFrag","52345-545",3,"dPB133","B10","notDetected",0,"copies/L","ddPCR Poisson estimate from partition counts, converted to copies per litre of water using the volume filtered","missing: not provided","missing: not provided","not applicable: dPCR","missing: not provided",0,22456,0.00085,0,"copies/uL",3.002,1,"field survey"
"Tt_longFrag","52345-546",1,"dPB134","E03","notDetected",0,"copies/L","ddPCR Poisson estimate from partition counts, converted to copies per litre of water using the volume filtered","missing: not provided","missing: not provided","not applicable: dPCR","missing: not provided",0,20286,0.00085,0,"copies/uL",3.007,1,"field survey"
"Tt_longFrag","52345-546",2,"dPB134","E07","detected",18.0249054539401,"copies/L","ddPCR Poisson estimate from partition counts, converted to copies per litre of water using the volume filtered","missing: not provided","missing: not provided","not applicable: dPCR","missing: not provided",2,22060,0.00085,0.098547074,"copies/uL",3.007,1,"field survey"
"Tt_longFrag","52345-546",3,"dPB134","E11","detected",19.7994212836707,"copies/L","ddPCR Poisson estimate from partition counts, converted to copies per litre of water using the volume filtered","missing: not provided","missing: not provided","not applicable: dPCR","missing: not provided",2,20286,0.00085,0.108248836,"copies/uL",3.007,1,"field survey"
"Tt_longFrag","52345-547",1,"dPB133","F04","detected",20.4625316095769,"copies/L","ddPCR Poisson estimate from partition counts, converted to copies per litre of water using the volume filtered","missing: not provided","missing: not provided","not applicable: dPCR","missing: not provided",2,21013,0.00085,0.111874241,"copies/uL",3.007,1,"field survey"
"Tt_longFrag","52345-547",2,"dPB133","F08","detected",20.0422911872291,"copies/L","ddPCR Poisson estimate from partition counts, converted to copies per litre of water using the volume filtered","missing: not provided","missing: not provided","not applicable: dPCR","missing: not provided",2,21458,0.00085,0.109576672,"copies/uL",3.007,1,"field survey"
"Tt_longFrag","52345-547",3,"dPB133","F12","detected",41.9048652643816,"copies/L","ddPCR Poisson estimate from partition counts, converted to copies per litre of water using the volume filtered","missing: not provided","missing: not provided","not applicable: dPCR","missing: not provided",4,20530,0.00085,0.229105327,"copies/uL",3.007,1,"field survey"
"Tt_longFrag","52345-548",1,"dPB133","G02","notDetected",0,"copies/L","ddPCR Poisson estimate from partition counts, converted to copies per litre of water using the volume filtered","missing: not provided","missing: not provided","not applicable: dPCR","missing: not provided",0,22028,0.00085,0,"copies/uL",3.007,1,"field survey"
"Tt_longFrag","52345-548",2,"dPB133","G06","detected",22.3893486032582,"copies/L","ddPCR Poisson estimate from partition counts, converted to copies per litre of water using the volume filtered","missing: not provided","missing: not provided","not applicable: dPCR","missing: not provided",2,19207,0.00085,0.122408675,"copies/uL",3.007,1,"field survey"
"Tt_longFrag","52345-548",3,"dPB133","G10","detected",10.5232198703022,"copies/L","ddPCR Poisson estimate from partition counts, converted to copies per litre of water using the volume filtered","missing: not provided","missing: not provided","not applicable: dPCR","missing: not provided",1,20434,0.00085,0.057533313,"copies/uL",3.007,1,"field survey"
"Tt_longFrag","52345-549",1,"dPB134","B04","detected",19.8667286811349,"copies/L","ddPCR Poisson estimate from partition counts, converted to copies per litre of water using the volume filtered","missing: not provided","missing: not provided","not applicable: dPCR","missing: not provided",2,21713,0.00085,0.108183368,"copies/uL",2.995,1,"field survey"
"Tt_longFrag","52345-549",2,"dPB134","B08","detected",10.4568016360599,"copies/L","ddPCR Poisson estimate from partition counts, converted to copies per litre of water using the volume filtered","missing: not provided","missing: not provided","not applicable: dPCR","missing: not provided",1,20577,0.00085,0.056942038,"copies/uL",2.995,1,"field survey"
"Tt_longFrag","52345-549",3,"dPB134","B12","notDetected",0,"copies/L","ddPCR Poisson estimate from partition counts, converted to copies per litre of water using the volume filtered","missing: not provided","missing: not provided","not applicable: dPCR","missing: not provided",0,19045,0.00085,0,"copies/uL",2.995,1,"field survey"
"Tt_longFrag","52345-550",1,"dPB134","G01","detected",41.0590484474117,"copies/L","ddPCR Poisson estimate from partition counts, converted to copies per litre of water using the volume filtered","missing: not provided","missing: not provided","not applicable: dPCR","missing: not provided",4,20997,0.00085,0.223585182,"copies/uL",2.995,1,"field survey"
"Tt_longFrag","52345-550",2,"dPB134","G05","notDetected",0,"copies/L","ddPCR Poisson estimate from partition counts, converted to copies per litre of water using the volume filtered","missing: not provided","missing: not provided","not applicable: dPCR","missing: not provided",0,21278,0.00085,0,"copies/uL",2.995,1,"field survey"
"Tt_longFrag","52345-550",3,"dPB134","G09","detected",21.3105288146908,"copies/L","ddPCR Poisson estimate from partition counts, converted to copies per litre of water using the volume filtered","missing: not provided","missing: not provided","not applicable: dPCR","missing: not provided",2,20257,0.00085,0.116045516,"copies/uL",2.995,1,"field survey"
"Tt_longFrag","52345-551",1,"dPB134","G03","detected",40.2452504507506,"copies/L","ddPCR Poisson estimate from partition counts, converted to copies per litre of water using the volume filtered","missing: not provided","missing: not provided","not applicable: dPCR","missing: not provided",4,21330,0.00085,0.219153682,"copies/uL",2.995,1,"field survey"
"Tt_longFrag","52345-551",2,"dPB134","G07","detected",50.2166836060092,"copies/L","ddPCR Poisson estimate from partition counts, converted to copies per litre of water using the volume filtered","missing: not provided","missing: not provided","not applicable: dPCR","missing: not provided",5,21432,0.00085,0.273452668,"copies/uL",2.995,1,"field survey"
"Tt_longFrag","52345-551",3,"dPB134","G11","detected",85.494384741234,"copies/L","ddPCR Poisson estimate from partition counts, converted to copies per litre of water using the volume filtered","missing: not provided","missing: not provided","not applicable: dPCR","missing: not provided",8,20158,0.00085,0.465555786,"copies/uL",2.995,1,"field survey"
"Tt_longFrag","52345-552",1,"dPB134","H03","detected",100.324181850965,"copies/L","ddPCR Poisson estimate from partition counts, converted to copies per litre of water using the volume filtered","missing: not provided","missing: not provided","not applicable: dPCR","missing: not provided",11,21278,0.00085,0.607052504,"copies/uL",3.328,1,"field survey"
"Tt_longFrag","52345-552",2,"dPB134","H07","detected",65.5578533804109,"copies/L","ddPCR Poisson estimate from partition counts, converted to copies per litre of water using the volume filtered","missing: not provided","missing: not provided","not applicable: dPCR","missing: not provided",7,20720,0.00085,0.396684611,"copies/uL",3.328,1,"field survey"
"Tt_longFrag","52345-552",3,"dPB134","H11","detected",48.7250590895449,"copies/L","ddPCR Poisson estimate from partition counts, converted to copies per litre of water using the volume filtered","missing: not provided","missing: not provided","not applicable: dPCR","missing: not provided",5,19906,0.00085,0.294830903,"copies/uL",3.328,1,"field survey"
"Tt_longFrag","52345-553",1,"dPB133","H01","detected",136.614575525846,"copies/L","ddPCR Poisson estimate from partition counts, converted to copies per litre of water using the volume filtered","missing: not provided","missing: not provided","not applicable: dPCR","missing: not provided",16,22244,0.00085,0.826642377,"copies/uL",3.328,1,"field survey"
"Tt_longFrag","52345-553",2,"dPB133","H05","detected",145.062355558899,"copies/L","ddPCR Poisson estimate from partition counts, converted to copies per litre of water using the volume filtered","missing: not provided","missing: not provided","not applicable: dPCR","missing: not provided",16,21126,0.00085,0.877759126,"copies/uL",3.328,1,"field survey"
"Tt_longFrag","52345-553",3,"dPB133","H09","detected",183.518169305896,"copies/L","ddPCR Poisson estimate from partition counts, converted to copies per litre of water using the volume filtered","missing: not provided","missing: not provided","not applicable: dPCR","missing: not provided",20,20766,0.00085,1.110451759,"copies/uL",3.328,1,"field survey"
"Tt_longFrag","52345-554",1,"dPB134","C03","detected",173.937505453732,"copies/L","ddPCR Poisson estimate from partition counts, converted to copies per litre of water using the volume filtered","missing: not provided","missing: not provided","not applicable: dPCR","missing: not provided",20,22205,0.00085,1.052480033,"copies/uL",3.328,1,"field survey"
"Tt_longFrag","52345-554",2,"dPB134","C07","detected",137.104040655053,"copies/L","ddPCR Poisson estimate from partition counts, converted to copies per litre of water using the volume filtered","missing: not provided","missing: not provided","not applicable: dPCR","missing: not provided",13,18209,0.00085,0.829604086,"copies/uL",3.328,1,"field survey"
"Tt_longFrag","52345-554",3,"dPB134","C11","detected",205.490395462747,"copies/L","ddPCR Poisson estimate from partition counts, converted to copies per litre of water using the volume filtered","missing: not provided","missing: not provided","not applicable: dPCR","missing: not provided",23,21619,0.00085,1.243403702,"copies/uL",3.328,1,"field survey"
"Tt_longFrag","52345-555",1,"dPB134","G04","detected",125.072426258457,"copies/L","ddPCR Poisson estimate from partition counts, converted to copies per litre of water using the volume filtered","missing: not provided","missing: not provided","not applicable: dPCR","missing: not provided",13,22209,0.00085,0.683653462,"copies/uL",3.006333333,1,"field survey"
"Tt_longFrag","52345-555",2,"dPB134","G08","detected",137.076853347048,"copies/L","ddPCR Poisson estimate from partition counts, converted to copies per litre of water using the volume filtered","missing: not provided","missing: not provided","not applicable: dPCR","missing: not provided",13,20316,0.00085,0.749270388,"copies/uL",3.006333333,1,"field survey"
"Tt_longFrag","52345-555",3,"dPB134","G12","detected",34.4897171121494,"copies/L","ddPCR Poisson estimate from partition counts, converted to copies per litre of water using the volume filtered","missing: not provided","missing: not provided","not applicable: dPCR","missing: not provided",3,18490,0.00085,0.188522884,"copies/uL",3.006333333,1,"field survey"
"Tt_longFrag","52345-556",1,"dPB134","C04","detected",175.982155602163,"copies/L","ddPCR Poisson estimate from partition counts, converted to copies per litre of water using the volume filtered","missing: not provided","missing: not provided","not applicable: dPCR","missing: not provided",18,21980,0.00085,0.961929128,"copies/uL",3.006333333,1,"field survey"
"Tt_longFrag","52345-556",2,"dPB134","C08","detected",78.9038993767461,"copies/L","ddPCR Poisson estimate from partition counts, converted to copies per litre of water using the volume filtered","missing: not provided","missing: not provided","not applicable: dPCR","missing: not provided",7,19037,0.00085,0.431293496,"copies/uL",3.006333333,1,"field survey"
"Tt_longFrag","52345-556",3,"dPB134","C12","detected",93.7179391111742,"copies/L","ddPCR Poisson estimate from partition counts, converted to copies per litre of water using the volume filtered","missing: not provided","missing: not provided","not applicable: dPCR","missing: not provided",8,18295,0.00085,0.512267935,"copies/uL",3.006333333,1,"field survey"
"Tt_longFrag","52345-557",1,"dPB133","A03","detected",166.817401565223,"copies/L","ddPCR Poisson estimate from partition counts, converted to copies per litre of water using the volume filtered","missing: not provided","missing: not provided","not applicable: dPCR","missing: not provided",17,21867,0.00085,0.911834027,"copies/uL",3.006333333,1,"field survey"
"Tt_longFrag","52345-557",2,"dPB133","A07","detected",213.516914143855,"copies/L","ddPCR Poisson estimate from partition counts, converted to copies per litre of water using the volume filtered","missing: not provided","missing: not provided","not applicable: dPCR","missing: not provided",18,18033,0.00085,1.167096393,"copies/uL",3.006333333,1,"field survey"
"Tt_longFrag","52345-557",3,"dPB133","A11","detected",188.180846910756,"copies/L","ddPCR Poisson estimate from partition counts, converted to copies per litre of water using the volume filtered","missing: not provided","missing: not provided","not applicable: dPCR","missing: not provided",18,20465,0.00085,1.028607914,"copies/uL",3.006333333,1,"field survey"
"Tt_longFrag","52345-558",1,"dPB133","H03","detected",121.954201815461,"copies/L","ddPCR Poisson estimate from partition counts, converted to copies per litre of water using the volume filtered","missing: not provided","missing: not provided","not applicable: dPCR","missing: not provided",12,21108,0.00085,0.665648207,"copies/uL",3.002,1,"field survey"
"Tt_longFrag","52345-558",2,"dPB133","H07","detected",98.9316186209235,"copies/L","ddPCR Poisson estimate from partition counts, converted to copies per litre of water using the volume filtered","missing: not provided","missing: not provided","not applicable: dPCR","missing: not provided",9,19418,0.00085,0.539986762,"copies/uL",3.002,1,"field survey"
"Tt_longFrag","52345-558",3,"dPB133","H11","detected",108.645705063296,"copies/L","ddPCR Poisson estimate from partition counts, converted to copies per litre of water using the volume filtered","missing: not provided","missing: not provided","not applicable: dPCR","missing: not provided",10,19498,0.00085,0.593008012,"copies/uL",3.002,1,"field survey"
"Tt_longFrag","52345-559",1,"dPB133","B03","detected",233.977289973361,"copies/L","ddPCR Poisson estimate from partition counts, converted to copies per litre of water using the volume filtered","missing: not provided","missing: not provided","not applicable: dPCR","missing: not provided",25,22869,0.00085,1.27709059,"copies/uL",3.002,1,"field survey"
"Tt_longFrag","52345-559",2,"dPB133","B07","detected",408.991978164574,"copies/L","ddPCR Poisson estimate from partition counts, converted to copies per litre of water using the volume filtered","missing: not provided","missing: not provided","not applicable: dPCR","missing: not provided",40,20915,0.00085,2.232352579,"copies/uL",3.002,1,"field survey"
"Tt_longFrag","52345-559",3,"dPB133","B11","detected",235.675547068631,"copies/L","ddPCR Poisson estimate from partition counts, converted to copies per litre of water using the volume filtered","missing: not provided","missing: not provided","not applicable: dPCR","missing: not provided",21,18937,0.00085,1.286359986,"copies/uL",3.002,1,"field survey"
"Tt_longFrag","52345-560",1,"dPB133","D03","detected",202.927963724193,"copies/L","ddPCR Poisson estimate from partition counts, converted to copies per litre of water using the volume filtered","missing: not provided","missing: not provided","not applicable: dPCR","missing: not provided",20,21126,0.00085,1.107617722,"copies/uL",3.002,1,"field survey"
"Tt_longFrag","52345-560",2,"dPB133","D07","detected",357.102034510342,"copies/L","ddPCR Poisson estimate from partition counts, converted to copies per litre of water using the volume filtered","missing: not provided","missing: not provided","not applicable: dPCR","missing: not provided",33,19781,0.00085,1.949127832,"copies/uL",3.002,1,"field survey"
"Tt_longFrag","52345-560",3,"dPB133","D11","detected",282.161616872097,"copies/L","ddPCR Poisson estimate from partition counts, converted to copies per litre of water using the volume filtered","missing: not provided","missing: not provided","not applicable: dPCR","missing: not provided",29,22010,0.00085,1.540089407,"copies/uL",3.002,1,"field survey"
"Tt_longFrag","52345-561",1,"dPB133","F02","detected",30.1248533529092,"copies/L","ddPCR Poisson estimate from partition counts, converted to copies per litre of water using the volume filtered","missing: not provided","missing: not provided","not applicable: dPCR","missing: not provided",3,21396,0.00085,0.164883364,"copies/uL",3.010333333,1,"field survey"
"Tt_longFrag","52345-561",2,"dPB133","F06","detected",39.1602228423384,"copies/L","ddPCR Poisson estimate from partition counts, converted to copies per litre of water using the volume filtered","missing: not provided","missing: not provided","not applicable: dPCR","missing: not provided",4,21930,0.00085,0.214336953,"copies/uL",3.010333333,1,"field survey"
"Tt_longFrag","52345-561",3,"dPB133","F10","detected",39.4368767400548,"copies/L","ddPCR Poisson estimate from partition counts, converted to copies per litre of water using the volume filtered","missing: not provided","missing: not provided","not applicable: dPCR","missing: not provided",4,21786,0.00085,0.215851172,"copies/uL",3.010333333,1,"field survey"
"Tt_longFrag","52345-562",1,"dPB134","F04","detected",86.3278304602285,"copies/L","ddPCR Poisson estimate from partition counts, converted to copies per litre of water using the volume filtered","missing: not provided","missing: not provided","not applicable: dPCR","missing: not provided",9,21954,0.00085,0.472500992,"copies/uL",3.010333333,1,"field survey"
"Tt_longFrag","52345-562",2,"dPB134","F08","detected",66.9574574982785,"copies/L","ddPCR Poisson estimate from partition counts, converted to copies per litre of water using the volume filtered","missing: not provided","missing: not provided","not applicable: dPCR","missing: not provided",7,22002,0.00085,0.366480484,"copies/uL",3.010333333,1,"field survey"
"Tt_longFrag","52345-562",3,"dPB134","F12","detected",123.014793192671,"copies/L","ddPCR Poisson estimate from partition counts, converted to copies per litre of water using the volume filtered","missing: not provided","missing: not provided","not applicable: dPCR","missing: not provided",12,20731,0.00085,0.673300968,"copies/uL",3.010333333,1,"field survey"
"Tt_longFrag","52345-563",1,"dPB134","B01","detected",10.8198104153271,"copies/L","ddPCR Poisson estimate from partition counts, converted to copies per litre of water using the volume filtered","missing: not provided","missing: not provided","not applicable: dPCR","missing: not provided",1,19771,0.00085,0.059220429,"copies/uL",3.010333333,1,"field survey"
"Tt_longFrag","52345-563",2,"dPB134","B05","detected",49.4262107850098,"copies/L","ddPCR Poisson estimate from partition counts, converted to copies per litre of water using the volume filtered","missing: not provided","missing: not provided","not applicable: dPCR","missing: not provided",5,21725,0.00085,0.270526127,"copies/uL",3.010333333,1,"field survey"
"Tt_longFrag","52345-563",3,"dPB134","B09","detected",28.8686409897982,"copies/L","ddPCR Poisson estimate from partition counts, converted to copies per litre of water using the volume filtered","missing: not provided","missing: not provided","not applicable: dPCR","missing: not provided",3,22285,0.00085,0.158007695,"copies/uL",3.010333333,1,"field survey"
"Tt_longFrag","52345-564",1,"dPB133","F03","detected",8.81636305426364,"copies/L","ddPCR Poisson estimate from partition counts, converted to copies per litre of water using the volume filtered","missing: not provided","missing: not provided","not applicable: dPCR","missing: not provided",1,22752,0.00085,0.051695947,"copies/uL",3.225,1,"field survey"
"Tt_longFrag","52345-564",2,"dPB133","F07","notDetected",0,"copies/L","ddPCR Poisson estimate from partition counts, converted to copies per litre of water using the volume filtered","missing: not provided","missing: not provided","not applicable: dPCR","missing: not provided",0,21009,0.00085,0,"copies/uL",3.225,1,"field survey"
"Tt_longFrag","52345-564",3,"dPB133","F11","detected",8.82216866666674,"copies/L","ddPCR Poisson estimate from partition counts, converted to copies per litre of water using the volume filtered","missing: not provided","missing: not provided","not applicable: dPCR","missing: not provided",1,22719,0.00085,0.051729989,"copies/uL",3.225,1,"field survey"
"Tt_longFrag","52345-565",1,"dPB134","E01","notDetected",0,"copies/L","ddPCR Poisson estimate from partition counts, converted to copies per litre of water using the volume filtered","missing: not provided","missing: not provided","not applicable: dPCR","missing: not provided",0,19439,0.00085,0,"copies/uL",3.225,1,"field survey"
"Tt_longFrag","52345-565",2,"dPB134","E05","notDetected",0,"copies/L","ddPCR Poisson estimate from partition counts, converted to copies per litre of water using the volume filtered","missing: not provided","missing: not provided","not applicable: dPCR","missing: not provided",0,21437,0.00085,0,"copies/uL",3.225,1,"field survey"
"Tt_longFrag","52345-565",3,"dPB134","E09","notDetected",0,"copies/L","ddPCR Poisson estimate from partition counts, converted to copies per litre of water using the volume filtered","missing: not provided","missing: not provided","not applicable: dPCR","missing: not provided",0,20714,0.00085,0,"copies/uL",3.225,1,"field survey"
"Tt_longFrag","52345-566",1,"dPB133","E02","detected",19.5220443255816,"copies/L","ddPCR Poisson estimate from partition counts, converted to copies per litre of water using the volume filtered","missing: not provided","missing: not provided","not applicable: dPCR","missing: not provided",2,20521,0.00085,0.114470169,"copies/uL",3.225,1,"field survey"
"Tt_longFrag","52345-566",2,"dPB133","E06","detected",40.0310632248066,"copies/L","ddPCR Poisson estimate from partition counts, converted to copies per litre of water using the volume filtered","missing: not provided","missing: not provided","not applicable: dPCR","missing: not provided",4,20030,0.00085,0.234727598,"copies/uL",3.225,1,"field survey"
"Tt_longFrag","52345-566",3,"dPB133","E10","detected",40.1176095193802,"copies/L","ddPCR Poisson estimate from partition counts, converted to copies per litre of water using the volume filtered","missing: not provided","missing: not provided","not applicable: dPCR","missing: not provided",4,19987,0.00085,0.235235074,"copies/uL",3.225,1,"field survey"
"Tt_longFrag","52345-620",1,"dPB129","C01","notDetected",0,"copies/L","ddPCR Poisson estimate from partition counts, converted to copies per litre of water using the volume filtered","missing: not provided","missing: not provided","not applicable: dPCR","missing: not provided",0,22053,0.00085,0,"copies/uL",3,1,"field survey"
"Tt_longFrag","52345-620",2,"dPB129","C05","notDetected",0,"copies/L","ddPCR Poisson estimate from partition counts, converted to copies per litre of water using the volume filtered","missing: not provided","missing: not provided","not applicable: dPCR","missing: not provided",0,22167,0.00085,0,"copies/uL",3,1,"field survey"
"Tt_longFrag","52345-620",3,"dPB129","C09","notDetected",0,"copies/L","ddPCR Poisson estimate from partition counts, converted to copies per litre of water using the volume filtered","missing: not provided","missing: not provided","not applicable: dPCR","missing: not provided",0,22788,0.00085,0,"copies/uL",3,1,"field survey"
"Tt_longFrag","52345-622",1,"dPB129","B01","notDetected",0,"copies/L","ddPCR Poisson estimate from partition counts, converted to copies per litre of water using the volume filtered","missing: not provided","missing: not provided","not applicable: dPCR","missing: not provided",0,20385,0.00085,0,"copies/uL",3,1,"field survey"
"Tt_longFrag","52345-622",2,"dPB129","B05","notDetected",0,"copies/L","ddPCR Poisson estimate from partition counts, converted to copies per litre of water using the volume filtered","missing: not provided","missing: not provided","not applicable: dPCR","missing: not provided",0,22813,0.00085,0,"copies/uL",3,1,"field survey"
"Tt_longFrag","52345-622",3,"dPB129","B09","notDetected",0,"copies/L","ddPCR Poisson estimate from partition counts, converted to copies per litre of water using the volume filtered","missing: not provided","missing: not provided","not applicable: dPCR","missing: not provided",0,21479,0.00085,0,"copies/uL",3,1,"field survey"
"Tt_longFrag","52345-623",1,"dPB128","B04","detected",9.96172429999981,"copies/L","ddPCR Poisson estimate from partition counts, converted to copies per litre of water using the volume filtered","missing: not provided","missing: not provided","not applicable: dPCR","missing: not provided",1,21651,0.00085,0.054336678,"copies/uL",3,1,"field survey"
"Tt_longFrag","52345-623",2,"dPB128","B08","notDetected",0,"copies/L","ddPCR Poisson estimate from partition counts, converted to copies per litre of water using the volume filtered","missing: not provided","missing: not provided","not applicable: dPCR","missing: not provided",0,22614,0.00085,0,"copies/uL",3,1,"field survey"
"Tt_longFrag","52345-623",3,"dPB128","B12","notDetected",0,"copies/L","ddPCR Poisson estimate from partition counts, converted to copies per litre of water using the volume filtered","missing: not provided","missing: not provided","not applicable: dPCR","missing: not provided",0,21935,0.00085,0,"copies/uL",3,1,"field survey"
"Tt_longFrag","52345-624",1,"dPB128","E04","notDetected",0,"copies/L","ddPCR Poisson estimate from partition counts, converted to copies per litre of water using the volume filtered","missing: not provided","missing: not provided","not applicable: dPCR","missing: not provided",0,20142,0.00085,0,"copies/uL",3,1,"field survey"
"Tt_longFrag","52345-624",2,"dPB128","E08","notDetected",0,"copies/L","ddPCR Poisson estimate from partition counts, converted to copies per litre of water using the volume filtered","missing: not provided","missing: not provided","not applicable: dPCR","missing: not provided",0,23054,0.00085,0,"copies/uL",3,1,"field survey"
"Tt_longFrag","52345-624",3,"dPB128","E12","notDetected",0,"copies/L","ddPCR Poisson estimate from partition counts, converted to copies per litre of water using the volume filtered","missing: not provided","missing: not provided","not applicable: dPCR","missing: not provided",0,22583,0.00085,0,"copies/uL",3,1,"field survey"
"Tt_longFrag","52345-625",1,"dPB128","H03","notDetected",0,"copies/L","ddPCR Poisson estimate from partition counts, converted to copies per litre of water using the volume filtered","missing: not provided","missing: not provided","not applicable: dPCR","missing: not provided",0,22159,0.00085,0,"copies/uL",3,1,"field survey"
"Tt_longFrag","52345-625",2,"dPB128","H07","notDetected",0,"copies/L","ddPCR Poisson estimate from partition counts, converted to copies per litre of water using the volume filtered","missing: not provided","missing: not provided","not applicable: dPCR","missing: not provided",0,20529,0.00085,0,"copies/uL",3,1,"field survey"
"Tt_longFrag","52345-625",3,"dPB128","H11","notDetected",0,"copies/L","ddPCR Poisson estimate from partition counts, converted to copies per litre of water using the volume filtered","missing: not provided","missing: not provided","not applicable: dPCR","missing: not provided",0,22644,0.00085,0,"copies/uL",3,1,"field survey"
"Tt_longFrag","52345-635",1,"dPB129","A02","notDetected",0,"copies/L","ddPCR Poisson estimate from partition counts, converted to copies per litre of water using the volume filtered","missing: not provided","missing: not provided","not applicable: dPCR","missing: not provided",0,21958,0.00085,0,"copies/uL",3,1,"field survey"
"Tt_longFrag","52345-635",2,"dPB129","A06","notDetected",0,"copies/L","ddPCR Poisson estimate from partition counts, converted to copies per litre of water using the volume filtered","missing: not provided","missing: not provided","not applicable: dPCR","missing: not provided",0,21272,0.00085,0,"copies/uL",3,1,"field survey"
"Tt_longFrag","52345-635",3,"dPB129","A10","notDetected",0,"copies/L","ddPCR Poisson estimate from partition counts, converted to copies per litre of water using the volume filtered","missing: not provided","missing: not provided","not applicable: dPCR","missing: not provided",0,22050,0.00085,0,"copies/uL",3,1,"field survey"
"Tt_longFrag","52345-637",1,"dPB128","G03","notDetected",0,"copies/L","ddPCR Poisson estimate from partition counts, converted to copies per litre of water using the volume filtered","missing: not provided","missing: not provided","not applicable: dPCR","missing: not provided",0,22560,0.00085,0,"copies/uL",2.9,1,"field survey"
"Tt_longFrag","52345-637",2,"dPB128","G07","notDetected",0,"copies/L","ddPCR Poisson estimate from partition counts, converted to copies per litre of water using the volume filtered","missing: not provided","missing: not provided","not applicable: dPCR","missing: not provided",0,19446,0.00085,0,"copies/uL",2.9,1,"field survey"
"Tt_longFrag","52345-637",3,"dPB128","G11","notDetected",0,"copies/L","ddPCR Poisson estimate from partition counts, converted to copies per litre of water using the volume filtered","missing: not provided","missing: not provided","not applicable: dPCR","missing: not provided",0,22695,0.00085,0,"copies/uL",2.9,1,"field survey"
"Tt_longFrag","52345-638",1,"dPB128","C04","notDetected",0,"copies/L","ddPCR Poisson estimate from partition counts, converted to copies per litre of water using the volume filtered","missing: not provided","missing: not provided","not applicable: dPCR","missing: not provided",0,21836,0.00085,0,"copies/uL",3,1,"field survey"
"Tt_longFrag","52345-638",2,"dPB128","C08","notDetected",0,"copies/L","ddPCR Poisson estimate from partition counts, converted to copies per litre of water using the volume filtered","missing: not provided","missing: not provided","not applicable: dPCR","missing: not provided",0,22437,0.00085,0,"copies/uL",3,1,"field survey"
"Tt_longFrag","52345-638",3,"dPB128","C12","notDetected",0,"copies/L","ddPCR Poisson estimate from partition counts, converted to copies per litre of water using the volume filtered","missing: not provided","missing: not provided","not applicable: dPCR","missing: not provided",0,19252,0.00085,0,"copies/uL",3,1,"field survey"
"Tt_longFrag","52345-647",1,"dPB128","D03","notDetected",0,"copies/L","ddPCR Poisson estimate from partition counts, converted to copies per litre of water using the volume filtered","missing: not provided","missing: not provided","not applicable: dPCR","missing: not provided",0,22306,0.00085,0,"copies/uL",1.17,1,"field survey"
"Tt_longFrag","52345-647",2,"dPB128","D07","detected",24.9022550427359,"copies/L","ddPCR Poisson estimate from partition counts, converted to copies per litre of water using the volume filtered","missing: not provided","missing: not provided","not applicable: dPCR","missing: not provided",1,22208,0.00085,0.052973888,"copies/uL",1.17,1,"field survey"
"Tt_longFrag","52345-647",3,"dPB128","D11","notDetected",0,"copies/L","ddPCR Poisson estimate from partition counts, converted to copies per litre of water using the volume filtered","missing: not provided","missing: not provided","not applicable: dPCR","missing: not provided",0,21561,0.00085,0,"copies/uL",1.17,1,"field survey"
"Tt_longFrag","52345-648",1,"dPB129","E02","notDetected",0,"copies/L","ddPCR Poisson estimate from partition counts, converted to copies per litre of water using the volume filtered","missing: not provided","missing: not provided","not applicable: dPCR","missing: not provided",0,20732,0.00085,0,"copies/uL",2,1,"field survey"
"Tt_longFrag","52345-648",2,"dPB129","E06","notDetected",0,"copies/L","ddPCR Poisson estimate from partition counts, converted to copies per litre of water using the volume filtered","missing: not provided","missing: not provided","not applicable: dPCR","missing: not provided",0,22130,0.00085,0,"copies/uL",2,1,"field survey"
"Tt_longFrag","52345-648",3,"dPB129","E10","notDetected",0,"copies/L","ddPCR Poisson estimate from partition counts, converted to copies per litre of water using the volume filtered","missing: not provided","missing: not provided","not applicable: dPCR","missing: not provided",0,21824,0.00085,0,"copies/uL",2,1,"field survey"
"Tt_longFrag","52345-651",1,"dPB129","F01","notDetected",0,"copies/L","ddPCR Poisson estimate from partition counts, converted to copies per litre of water using the volume filtered","missing: not provided","missing: not provided","not applicable: dPCR","missing: not provided",0,18753,0.00085,0,"copies/uL",2.01,1,"field survey"
"Tt_longFrag","52345-651",2,"dPB129","F05","notDetected",0,"copies/L","ddPCR Poisson estimate from partition counts, converted to copies per litre of water using the volume filtered","missing: not provided","missing: not provided","not applicable: dPCR","missing: not provided",0,22126,0.00085,0,"copies/uL",2.01,1,"field survey"
"Tt_longFrag","52345-651",3,"dPB129","F09","notDetected",0,"copies/L","ddPCR Poisson estimate from partition counts, converted to copies per litre of water using the volume filtered","missing: not provided","missing: not provided","not applicable: dPCR","missing: not provided",0,21779,0.00085,0,"copies/uL",2.01,1,"field survey"
"Tt_longFrag","52345-653",1,"dPB128","F04","notDetected",0,"copies/L","ddPCR Poisson estimate from partition counts, converted to copies per litre of water using the volume filtered","missing: not provided","missing: not provided","not applicable: dPCR","missing: not provided",0,23008,0.00085,0,"copies/uL",2.01,1,"field survey"
"Tt_longFrag","52345-653",2,"dPB128","F08","notDetected",0,"copies/L","ddPCR Poisson estimate from partition counts, converted to copies per litre of water using the volume filtered","missing: not provided","missing: not provided","not applicable: dPCR","missing: not provided",0,21634,0.00085,0,"copies/uL",2.01,1,"field survey"
"Tt_longFrag","52345-653",3,"dPB128","F12","notDetected",0,"copies/L","ddPCR Poisson estimate from partition counts, converted to copies per litre of water using the volume filtered","missing: not provided","missing: not provided","not applicable: dPCR","missing: not provided",0,21504,0.00085,0,"copies/uL",2.01,1,"field survey"
"Tt_longFrag","52345-659",1,"dPB129","B03","notDetected",0,"copies/L","ddPCR Poisson estimate from partition counts, converted to copies per litre of water using the volume filtered","missing: not provided","missing: not provided","not applicable: dPCR","missing: not provided",0,20507,0.00085,0,"copies/uL",2,1,"field survey"
"Tt_longFrag","52345-659",2,"dPB129","B07","notDetected",0,"copies/L","ddPCR Poisson estimate from partition counts, converted to copies per litre of water using the volume filtered","missing: not provided","missing: not provided","not applicable: dPCR","missing: not provided",0,22209,0.00085,0,"copies/uL",2,1,"field survey"
"Tt_longFrag","52345-659",3,"dPB129","B11","notDetected",0,"copies/L","ddPCR Poisson estimate from partition counts, converted to copies per litre of water using the volume filtered","missing: not provided","missing: not provided","not applicable: dPCR","missing: not provided",0,20976,0.00085,0,"copies/uL",2,1,"field survey"
"Tt_longFrag","carboy1_0.0h",1,"missing: not provided","missing: not provided","detected",1847.651505,"copies/L","ddPCR Poisson estimate from partition counts, converted to copies per litre of water using the volume filtered","missing: not provided","missing: not provided","not applicable: dPCR","missing: not provided",55,19237,0.00085,3.359366373,"copies/uL",1,1,"decay experiment"
"Tt_longFrag","carboy1_0.0h",2,"missing: not provided","missing: not provided","detected",1470.638469,"copies/L","ddPCR Poisson estimate from partition counts, converted to copies per litre of water using the volume filtered","missing: not provided","missing: not provided","not applicable: dPCR","missing: not provided",50,22060,0.00085,2.673888125,"copies/uL",1,1,"decay experiment"
"Tt_longFrag","carboy1_0.0h",3,"missing: not provided","missing: not provided","detected",1317.89144,"copies/L","ddPCR Poisson estimate from partition counts, converted to copies per litre of water using the volume filtered","missing: not provided","missing: not provided","not applicable: dPCR","missing: not provided",41,20085,0.00085,2.396166254,"copies/uL",1,1,"decay experiment"
"Tt_longFrag","carboy1_3.4h",1,"missing: not provided","missing: not provided","detected",1250.585282,"copies/L","ddPCR Poisson estimate from partition counts, converted to copies per litre of water using the volume filtered","missing: not provided","missing: not provided","not applicable: dPCR","missing: not provided",69,18221,0.00085,4.433893273,"copies/uL",1.95,1,"decay experiment"
"Tt_longFrag","carboy1_3.4h",2,"missing: not provided","missing: not provided","detected",1176.199399,"copies/L","ddPCR Poisson estimate from partition counts, converted to copies per litre of water using the volume filtered","missing: not provided","missing: not provided","not applicable: dPCR","missing: not provided",80,22500,0.00085,4.170161506,"copies/uL",1.95,1,"decay experiment"
"Tt_longFrag","carboy1_3.4h",3,"missing: not provided","missing: not provided","detected",1061.028766,"copies/L","ddPCR Poisson estimate from partition counts, converted to copies per litre of water using the volume filtered","missing: not provided","missing: not provided","not applicable: dPCR","missing: not provided",71,22315,0.00085,3.76182926,"copies/uL",1.95,1,"decay experiment"
"Tt_longFrag","carboy1_7.2h",1,"missing: not provided","missing: not provided","detected",654.135994,"copies/L","ddPCR Poisson estimate from partition counts, converted to copies per litre of water using the volume filtered","missing: not provided","missing: not provided","not applicable: dPCR","missing: not provided",43,20592,0.00085,2.438143252,"copies/uL",2.05,1,"decay experiment"
"Tt_longFrag","carboy1_7.2h",2,"missing: not provided","missing: not provided","detected",366.455204,"copies/L","ddPCR Poisson estimate from partition counts, converted to copies per litre of water using the volume filtered","missing: not provided","missing: not provided","not applicable: dPCR","missing: not provided",25,21903,0.00085,1.365878488,"copies/uL",2.05,1,"decay experiment"
"Tt_longFrag","carboy1_7.2h",3,"missing: not provided","missing: not provided","detected",539.269993,"copies/L","ddPCR Poisson estimate from partition counts, converted to copies per litre of water using the volume filtered","missing: not provided","missing: not provided","not applicable: dPCR","missing: not provided",35,20635,0.00085,2.010006339,"copies/uL",2.05,1,"decay experiment"
"Tt_longFrag","carboy1_11.3h",1,"missing: not provided","missing: not provided","detected",404.420556,"copies/L","ddPCR Poisson estimate from partition counts, converted to copies per litre of water using the volume filtered","missing: not provided","missing: not provided","not applicable: dPCR","missing: not provided",27,22142,0.00085,1.415471946,"copies/uL",1.925,1,"decay experiment"
"Tt_longFrag","carboy1_11.3h",2,"missing: not provided","missing: not provided","detected",221.160279,"copies/L","ddPCR Poisson estimate from partition counts, converted to copies per litre of water using the volume filtered","missing: not provided","missing: not provided","not applicable: dPCR","missing: not provided",14,21009,0.00085,0.774060975,"copies/uL",1.925,1,"decay experiment"
"Tt_longFrag","carboy1_11.3h",3,"missing: not provided","missing: not provided","detected",137.173083,"copies/L","ddPCR Poisson estimate from partition counts, converted to copies per litre of water using the volume filtered","missing: not provided","missing: not provided","not applicable: dPCR","missing: not provided",8,19112,0.00085,0.48010579,"copies/uL",1.925,1,"decay experiment"
"Tt_longFrag","carboy1_19.3h",1,"missing: not provided","missing: not provided","detected",32.46153,"copies/L","ddPCR Poisson estimate from partition counts, converted to copies per litre of water using the volume filtered","missing: not provided","missing: not provided","not applicable: dPCR","missing: not provided",2,19825,0.00085,0.118041926,"copies/uL",2,1,"decay experiment"
"Tt_longFrag","carboy1_19.3h",2,"missing: not provided","missing: not provided","detected",31.678445,"copies/L","ddPCR Poisson estimate from partition counts, converted to copies per litre of water using the volume filtered","missing: not provided","missing: not provided","not applicable: dPCR","missing: not provided",2,20233,0.00085,0.115194344,"copies/uL",2,1,"decay experiment"
"Tt_longFrag","carboy1_19.3h",3,"missing: not provided","missing: not provided","detected",33.391637,"copies/L","ddPCR Poisson estimate from partition counts, converted to copies per litre of water using the volume filtered","missing: not provided","missing: not provided","not applicable: dPCR","missing: not provided",2,19105,0.00085,0.121424136,"copies/uL",2,1,"decay experiment"
"Tt_longFrag","carboy1_27.2h",1,"missing: not provided","missing: not provided","detected",56.660452,"copies/L","ddPCR Poisson estimate from partition counts, converted to copies per litre of water using the volume filtered","missing: not provided","missing: not provided","not applicable: dPCR","missing: not provided",4,23410,0.00085,0.200887056,"copies/uL",1.95,1,"decay experiment"
"Tt_longFrag","carboy1_27.2h",2,"missing: not provided","missing: not provided","detected",15.063289,"copies/L","ddPCR Poisson estimate from partition counts, converted to copies per litre of water using the volume filtered","missing: not provided","missing: not provided","not applicable: dPCR","missing: not provided",1,21959,0.00085,0.053406207,"copies/uL",1.95,1,"decay experiment"
"Tt_longFrag","carboy1_27.2h",3,"missing: not provided","missing: not provided","notDetected",0,"copies/L","ddPCR Poisson estimate from partition counts, converted to copies per litre of water using the volume filtered","missing: not provided","missing: not provided","not applicable: dPCR","missing: not provided",0,21211,0.00085,0,"copies/uL",1.95,1,"decay experiment"
"Tt_longFrag","carboy2_0.0h",1,"missing: not provided","missing: not provided","detected",804.975759,"copies/L","ddPCR Poisson estimate from partition counts, converted to copies per litre of water using the volume filtered","missing: not provided","missing: not provided","not applicable: dPCR","missing: not provided",20,16476,0.00085,1.463592289,"copies/uL",1,1,"decay experiment"
"Tt_longFrag","carboy2_0.0h",2,"missing: not provided","missing: not provided","detected",1601.343831,"copies/L","ddPCR Poisson estimate from partition counts, converted to copies per litre of water using the volume filtered","missing: not provided","missing: not provided","not applicable: dPCR","missing: not provided",54,22001,0.00085,2.911534238,"copies/uL",1,1,"decay experiment"
"Tt_longFrag","carboy2_0.0h",3,"missing: not provided","missing: not provided","detected",1158.257889,"copies/L","ddPCR Poisson estimate from partition counts, converted to copies per litre of water using the volume filtered","missing: not provided","missing: not provided","not applicable: dPCR","missing: not provided",40,22465,0.00085,2.105923435,"copies/uL",1,1,"decay experiment"
"Tt_longFrag","carboy2_3.7h",1,"missing: not provided","missing: not provided","detected",757.532431,"copies/L","ddPCR Poisson estimate from partition counts, converted to copies per litre of water using the volume filtered","missing: not provided","missing: not provided","not applicable: dPCR","missing: not provided",29,19397,0.00085,1.790531199,"copies/uL",1.3,1,"decay experiment"
"Tt_longFrag","carboy2_3.7h",2,"missing: not provided","missing: not provided","detected",910.403704,"copies/L","ddPCR Poisson estimate from partition counts, converted to copies per litre of water using the volume filtered","missing: not provided","missing: not provided","not applicable: dPCR","missing: not provided",39,21397,0.00085,2.151863301,"copies/uL",1.3,1,"decay experiment"
"Tt_longFrag","carboy2_3.7h",3,"missing: not provided","missing: not provided","detected",850.642449,"copies/L","ddPCR Poisson estimate from partition counts, converted to copies per litre of water using the volume filtered","missing: not provided","missing: not provided","not applicable: dPCR","missing: not provided",35,20359,0.00085,2.010609425,"copies/uL",1.3,1,"decay experiment"
"Tt_longFrag","carboy2_7.5h",1,"missing: not provided","missing: not provided","detected",72.901459,"copies/L","ddPCR Poisson estimate from partition counts, converted to copies per litre of water using the volume filtered","missing: not provided","missing: not provided","not applicable: dPCR","missing: not provided",5,20383,0.00085,0.28497843,"copies/uL",2.15,1,"decay experiment"
"Tt_longFrag","carboy2_7.5h",2,"missing: not provided","missing: not provided","detected",115.770037,"copies/L","ddPCR Poisson estimate from partition counts, converted to copies per litre of water using the volume filtered","missing: not provided","missing: not provided","not applicable: dPCR","missing: not provided",9,23245,0.00085,0.4525556,"copies/uL",2.15,1,"decay experiment"
"Tt_longFrag","carboy2_7.5h",3,"missing: not provided","missing: not provided","detected",119.70396,"copies/L","ddPCR Poisson estimate from partition counts, converted to copies per litre of water using the volume filtered","missing: not provided","missing: not provided","not applicable: dPCR","missing: not provided",8,19932,0.00085,0.46793366,"copies/uL",2.15,1,"decay experiment"
"Tt_longFrag","carboy2_11.5h",1,"missing: not provided","missing: not provided","detected",181.927078,"copies/L","ddPCR Poisson estimate from partition counts, converted to copies per litre of water using the volume filtered","missing: not provided","missing: not provided","not applicable: dPCR","missing: not provided",11,22818,0.00085,0.562320059,"copies/uL",1.7,1,"decay experiment"
"Tt_longFrag","carboy2_11.5h",2,"missing: not provided","missing: not provided","detected",82.618203,"copies/L","ddPCR Poisson estimate from partition counts, converted to copies per litre of water using the volume filtered","missing: not provided","missing: not provided","not applicable: dPCR","missing: not provided",5,22736,0.00085,0.255365355,"copies/uL",1.7,1,"decay experiment"
"Tt_longFrag","carboy2_11.5h",3,"missing: not provided","missing: not provided","detected",37.059374,"copies/L","ddPCR Poisson estimate from partition counts, converted to copies per litre of water using the volume filtered","missing: not provided","missing: not provided","not applicable: dPCR","missing: not provided",2,20214,0.00085,0.114547155,"copies/uL",1.7,1,"decay experiment"
"Tt_longFrag","carboy2_19.4h",1,"missing: not provided","missing: not provided","detected",29.390311,"copies/L","ddPCR Poisson estimate from partition counts, converted to copies per litre of water using the volume filtered","missing: not provided","missing: not provided","not applicable: dPCR","missing: not provided",2,21981,0.00085,0.106873858,"copies/uL",2,1,"decay experiment"
"Tt_longFrag","carboy2_19.4h",2,"missing: not provided","missing: not provided","detected",34.898769,"copies/L","ddPCR Poisson estimate from partition counts, converted to copies per litre of water using the volume filtered","missing: not provided","missing: not provided","not applicable: dPCR","missing: not provided",2,18522,0.00085,0.126904613,"copies/uL",2,1,"decay experiment"
"Tt_longFrag","carboy2_19.4h",3,"missing: not provided","missing: not provided","detected",17.021002,"copies/L","ddPCR Poisson estimate from partition counts, converted to copies per litre of water using the volume filtered","missing: not provided","missing: not provided","not applicable: dPCR","missing: not provided",1,18953,0.00085,0.061894551,"copies/uL",2,1,"decay experiment"
"Tt_longFrag","carboy2_27.3h",1,"missing: not provided","missing: not provided","notDetected",0,"copies/L","ddPCR Poisson estimate from partition counts, converted to copies per litre of water using the volume filtered","missing: not provided","missing: not provided","not applicable: dPCR","missing: not provided",0,22969,0.00085,0,"copies/uL",1.85,1,"decay experiment"
"Tt_longFrag","carboy2_27.3h",2,"missing: not provided","missing: not provided","notDetected",0,"copies/L","ddPCR Poisson estimate from partition counts, converted to copies per litre of water using the volume filtered","missing: not provided","missing: not provided","not applicable: dPCR","missing: not provided",0,22294,0.00085,0,"copies/uL",1.85,1,"decay experiment"
"Tt_longFrag","carboy2_27.3h",3,"missing: not provided","missing: not provided","notDetected",0,"copies/L","ddPCR Poisson estimate from partition counts, converted to copies per litre of water using the volume filtered","missing: not provided","missing: not provided","not applicable: dPCR","missing: not provided",0,20268,0.00085,0,"copies/uL",1.85,1,"decay experiment"
"Tt_longFrag","carboy3_0.0h",1,"missing: not provided","missing: not provided","detected",541.306877,"copies/L","ddPCR Poisson estimate from partition counts, converted to copies per litre of water using the volume filtered","missing: not provided","missing: not provided","not applicable: dPCR","missing: not provided",18,17921,0.00085,1.181033186,"copies/uL",1.2,1,"decay experiment"
"Tt_longFrag","carboy3_0.0h",2,"missing: not provided","missing: not provided","detected",912.457566,"copies/L","ddPCR Poisson estimate from partition counts, converted to copies per litre of water using the volume filtered","missing: not provided","missing: not provided","not applicable: dPCR","missing: not provided",37,22085,0.00085,1.990816509,"copies/uL",1.2,1,"decay experiment"
"Tt_longFrag","carboy3_0.0h",3,"missing: not provided","missing: not provided","detected",523.269718,"copies/L","ddPCR Poisson estimate from partition counts, converted to copies per litre of water using the volume filtered","missing: not provided","missing: not provided","not applicable: dPCR","missing: not provided",20,20493,0.00085,1.141679384,"copies/uL",1.2,1,"decay experiment"
"Tt_longFrag","carboy3_4.0h",1,"missing: not provided","missing: not provided","detected",216.978911,"copies/L","ddPCR Poisson estimate from partition counts, converted to copies per litre of water using the volume filtered","missing: not provided","missing: not provided","not applicable: dPCR","missing: not provided",14,20076,0.00085,0.808739576,"copies/uL",2.05,1,"decay experiment"
"Tt_longFrag","carboy3_4.0h",2,"missing: not provided","missing: not provided","detected",175.575619,"copies/L","ddPCR Poisson estimate from partition counts, converted to copies per litre of water using the volume filtered","missing: not provided","missing: not provided","not applicable: dPCR","missing: not provided",13,23075,0.00085,0.654418216,"copies/uL",2.05,1,"decay experiment"
"Tt_longFrag","carboy3_4.0h",3,"missing: not provided","missing: not provided","detected",119.39271,"copies/L","ddPCR Poisson estimate from partition counts, converted to copies per litre of water using the volume filtered","missing: not provided","missing: not provided","not applicable: dPCR","missing: not provided",7,18275,0.00085,0.445009191,"copies/uL",2.05,1,"decay experiment"
"Tt_longFrag","carboy3_8.0h",1,"missing: not provided","missing: not provided","detected",122.067989,"copies/L","ddPCR Poisson estimate from partition counts, converted to copies per litre of water using the volume filtered","missing: not provided","missing: not provided","not applicable: dPCR","missing: not provided",8,20646,0.00085,0.443883598,"copies/uL",2,1,"decay experiment"
"Tt_longFrag","carboy3_8.0h",2,"missing: not provided","missing: not provided","detected",13.690315,"copies/L","ddPCR Poisson estimate from partition counts, converted to copies per litre of water using the volume filtered","missing: not provided","missing: not provided","not applicable: dPCR","missing: not provided",1,22427,0.00085,0.049782963,"copies/uL",2,1,"decay experiment"
"Tt_longFrag","carboy3_8.0h",3,"missing: not provided","missing: not provided","detected",72.473952,"copies/L","ddPCR Poisson estimate from partition counts, converted to copies per litre of water using the volume filtered","missing: not provided","missing: not provided","not applicable: dPCR","missing: not provided",5,21812,0.00085,0.263541645,"copies/uL",2,1,"decay experiment"
"Tt_longFrag","carboy3_11.7h",1,"missing: not provided","missing: not provided","detected",89.3869,"copies/L","ddPCR Poisson estimate from partition counts, converted to copies per litre of water using the volume filtered","missing: not provided","missing: not provided","not applicable: dPCR","missing: not provided",6,21894,0.00085,0.320980233,"copies/uL",1.975,1,"decay experiment"
"Tt_longFrag","carboy3_11.7h",2,"missing: not provided","missing: not provided","detected",58.775664,"copies/L","ddPCR Poisson estimate from partition counts, converted to copies per litre of water using the volume filtered","missing: not provided","missing: not provided","not applicable: dPCR","missing: not provided",4,22246,0.00085,0.211058065,"copies/uL",1.975,1,"decay experiment"
"Tt_longFrag","carboy3_11.7h",3,"missing: not provided","missing: not provided","detected",59.916397,"copies/L","ddPCR Poisson estimate from partition counts, converted to copies per litre of water using the volume filtered","missing: not provided","missing: not provided","not applicable: dPCR","missing: not provided",4,21822,0.00085,0.215154336,"copies/uL",1.975,1,"decay experiment"
"Tt_longFrag","carboy3_19.7h",1,"missing: not provided","missing: not provided","detected",50.277605,"copies/L","ddPCR Poisson estimate from partition counts, converted to copies per litre of water using the volume filtered","missing: not provided","missing: not provided","not applicable: dPCR","missing: not provided",3,19763,0.00085,0.178256962,"copies/uL",1.95,1,"decay experiment"
"Tt_longFrag","carboy3_19.7h",2,"missing: not provided","missing: not provided","detected",31.44644,"copies/L","ddPCR Poisson estimate from partition counts, converted to copies per litre of water using the volume filtered","missing: not provided","missing: not provided","not applicable: dPCR","missing: not provided",2,20950,0.00085,0.111491922,"copies/uL",1.95,1,"decay experiment"
"Tt_longFrag","carboy3_19.7h",3,"missing: not provided","missing: not provided","detected",29.767856,"copies/L","ddPCR Poisson estimate from partition counts, converted to copies per litre of water using the volume filtered","missing: not provided","missing: not provided","not applicable: dPCR","missing: not provided",2,22231,0.00085,0.105540579,"copies/uL",1.95,1,"decay experiment"
"Tt_longFrag","carboy3_27.7h",1,"missing: not provided","missing: not provided","notDetected",0,"copies/L","ddPCR Poisson estimate from partition counts, converted to copies per litre of water using the volume filtered","missing: not provided","missing: not provided","not applicable: dPCR","missing: not provided",0,23577,0.00085,0,"copies/uL",2,1,"decay experiment"
"Tt_longFrag","carboy3_27.7h",2,"missing: not provided","missing: not provided","notDetected",0,"copies/L","ddPCR Poisson estimate from partition counts, converted to copies per litre of water using the volume filtered","missing: not provided","missing: not provided","not applicable: dPCR","missing: not provided",0,21432,0.00085,0,"copies/uL",2,1,"decay experiment"
"Tt_longFrag","carboy3_27.7h",3,"missing: not provided","missing: not provided","notDetected",0,"copies/L","ddPCR Poisson estimate from partition counts, converted to copies per litre of water using the volume filtered","missing: not provided","missing: not provided","not applicable: dPCR","missing: not provided",0,19680,0.00085,0,"copies/uL",2,1,"decay experiment"
