"samp_name","materialSampleID","samp_category","eventDate","verbatimEventTime","decimalLatitude","decimalLongitude","verbatimCoordinateSystem","verbatimSRS","geo_loc_name","env_broad_scale","env_local_scale","env_medium","habitat_natural_artificial_0_1","minimumDepthInMeters","maximumDepthInMeters","samp_collect_device","samp_collect_method","samp_size","samp_size_unit","biological_rep_relation","sample_derived_from","filter_name","filter_material","filter_diameter","filter_passive_active_0_1","samp_store_sol","samp_store_temp","samp_store_dur","nucl_acid_ext","nucl_acid_ext_kit","date_ext","samp_vol_we_dna_ext","samp_vol_we_dna_ext_unit","tidal_stage","temp","salinity","dataset"
"52345-531","52345-531","sample","2024-10-16","11:30",47.742236,-122.729975,"decimal degrees","WGS84","USA: Washington, Hood Canal","marine biome [ENVO:00000447]","estuarine fjord [ENVO:00000406]","sea water [ENVO:00002149]",0,2,2,"Pufferfish","in situ filtration of seawater",3.002666667,"L","52345-531 | 52345-532 | 52345-533","not applicable: collected in situ","missing: not provided","missing: not provided",,1,"DNA/RNA Shield (Zymo)",-80,"missing: not provided","Filters thawed in DNA/RNA Shield, incubated 15 min at 37 C with agitation, buffer concentrated from 2 mL to ~400 uL on an Amicon Ultra-15 30 kDa unit (Millipore-Sigma), then coextracted with the Quick-DNA/RNA Miniprep Kit (Zymo Research) with a 30 min proteinase K incubation before binding buffer. The protocol yields two sequential extracts; only the first (DNA1) is analysed here.","Quick-DNA/RNA Miniprep Kit (Zymo Research)","missing: not provided",2,"mL of preservation buffer","missing: not provided",,,"field survey"
"52345-532","52345-532","sample","2024-10-16","11:30",47.742236,-122.729975,"decimal degrees","WGS84","USA: Washington, Hood Canal","marine biome [ENVO:00000447]","estuarine fjord [ENVO:00000406]","sea water [ENVO:00002149]",0,2,2,"Pufferfish","in situ filtration of seawater",3.002666667,"L","52345-531 | 52345-532 | 52345-533","not applicable: collected in situ","missing: not provided","missing: not provided",,1,"DNA/RNA Shield (Zymo)",-80,"missing: not provided","Filters thawed in DNA/RNA Shield, incubated 15 min at 37 C with agitation, buffer concentrated from 2 mL to ~400 uL on an Amicon Ultra-15 30 kDa unit (Millipore-Sigma), then coextracted with the Quick-DNA/RNA Miniprep Kit (Zymo Research) with a 30 min proteinase K incubation before binding buffer. The protocol yields two sequential extracts; only the first (DNA1) is analysed here.","Quick-DNA/RNA Miniprep Kit (Zymo Research)","missing: not provided",2,"mL of preservation buffer","missing: not provided",,,"field survey"
"52345-533","52345-533","sample","2024-10-16","11:30",47.742236,-122.729975,"decimal degrees","WGS84","USA: Washington, Hood Canal","marine biome [ENVO:00000447]","estuarine fjord [ENVO:00000406]","sea water [ENVO:00002149]",0,2,2,"Pufferfish","in situ filtration of seawater",3.002666667,"L","52345-531 | 52345-532 | 52345-533","not applicable: collected in situ","missing: not provided","missing: not provided",,1,"DNA/RNA Shield (Zymo)",-80,"missing: not provided","Filters thawed in DNA/RNA Shield, incubated 15 min at 37 C with agitation, buffer concentrated from 2 mL to ~400 uL on an Amicon Ultra-15 30 kDa unit (Millipore-Sigma), then coextracted with the Quick-DNA/RNA Miniprep Kit (Zymo Research) with a 30 min proteinase K incubation before binding buffer. The protocol yields two sequential extracts; only the first (DNA1) is analysed here.","Quick-DNA/RNA Miniprep Kit (Zymo Research)","missing: not provided",2,"mL of preservation buffer","missing: not provided",,,"field survey"
"52345-534","52345-534","sample","2024-10-16","12:00",47.742236,-122.729975,"decimal degrees","WGS84","USA: Washington, Hood Canal","marine biome [ENVO:00000447]","estuarine fjord [ENVO:00000406]","sea water [ENVO:00002149]",0,2,2,"Pufferfish","in situ filtration of seawater",3.016666667,"L","52345-534 | 52345-535 | 52345-536","not applicable: collected in situ","missing: not provided","missing: not provided",,1,"DNA/RNA Shield (Zymo)",-80,"missing: not provided","Filters thawed in DNA/RNA Shield, incubated 15 min at 37 C with agitation, buffer concentrated from 2 mL to ~400 uL on an Amicon Ultra-15 30 kDa unit (Millipore-Sigma), then coextracted with the Quick-DNA/RNA Miniprep Kit (Zymo Research) with a 30 min proteinase K incubation before binding buffer. The protocol yields two sequential extracts; only the first (DNA1) is analysed here.","Quick-DNA/RNA Miniprep Kit (Zymo Research)","missing: not provided",2,"mL of preservation buffer","missing: not provided",,,"field survey"
"52345-535","52345-535","sample","2024-10-16","12:00",47.742236,-122.729975,"decimal degrees","WGS84","USA: Washington, Hood Canal","marine biome [ENVO:00000447]","estuarine fjord [ENVO:00000406]","sea water [ENVO:00002149]",0,2,2,"Pufferfish","in situ filtration of seawater",3.016666667,"L","52345-534 | 52345-535 | 52345-536","not applicable: collected in situ","missing: not provided","missing: not provided",,1,"DNA/RNA Shield (Zymo)",-80,"missing: not provided","Filters thawed in DNA/RNA Shield, incubated 15 min at 37 C with agitation, buffer concentrated from 2 mL to ~400 uL on an Amicon Ultra-15 30 kDa unit (Millipore-Sigma), then coextracted with the Quick-DNA/RNA Miniprep Kit (Zymo Research) with a 30 min proteinase K incubation before binding buffer. The protocol yields two sequential extracts; only the first (DNA1) is analysed here.","Quick-DNA/RNA Miniprep Kit (Zymo Research)","missing: not provided",2,"mL of preservation buffer","missing: not provided",,,"field survey"
"52345-536","52345-536","sample","2024-10-16","12:00",47.742236,-122.729975,"decimal degrees","WGS84","USA: Washington, Hood Canal","marine biome [ENVO:00000447]","estuarine fjord [ENVO:00000406]","sea water [ENVO:00002149]",0,2,2,"Pufferfish","in situ filtration of seawater",3.016666667,"L","52345-534 | 52345-535 | 52345-536","not applicable: collected in situ","missing: not provided","missing: not provided",,1,"DNA/RNA Shield (Zymo)",-80,"missing: not provided","Filters thawed in DNA/RNA Shield, incubated 15 min at 37 C with agitation, buffer concentrated from 2 mL to ~400 uL on an Amicon Ultra-15 30 kDa unit (Millipore-Sigma), then coextracted with the Quick-DNA/RNA Miniprep Kit (Zymo Research) with a 30 min proteinase K incubation before binding buffer. The protocol yields two sequential extracts; only the first (DNA1) is analysed here.","Quick-DNA/RNA Miniprep Kit (Zymo Research)","missing: not provided",2,"mL of preservation buffer","missing: not provided",,,"field survey"
"52345-537","52345-537","sample","2024-10-16","12:34",47.742236,-122.729975,"decimal degrees","WGS84","USA: Washington, Hood Canal","marine biome [ENVO:00000447]","estuarine fjord [ENVO:00000406]","sea water [ENVO:00002149]",0,2,2,"Pufferfish","in situ filtration of seawater",3.007333333,"L","52345-537 | 52345-538 | 52345-539","not applicable: collected in situ","missing: not provided","missing: not provided",,1,"DNA/RNA Shield (Zymo)",-80,"missing: not provided","Filters thawed in DNA/RNA Shield, incubated 15 min at 37 C with agitation, buffer concentrated from 2 mL to ~400 uL on an Amicon Ultra-15 30 kDa unit (Millipore-Sigma), then coextracted with the Quick-DNA/RNA Miniprep Kit (Zymo Research) with a 30 min proteinase K incubation before binding buffer. The protocol yields two sequential extracts; only the first (DNA1) is analysed here.","Quick-DNA/RNA Miniprep Kit (Zymo Research)","missing: not provided",2,"mL of preservation buffer","missing: not provided",,,"field survey"
"52345-538","52345-538","sample","2024-10-16","12:34",47.742236,-122.729975,"decimal degrees","WGS84","USA: Washington, Hood Canal","marine biome [ENVO:00000447]","estuarine fjord [ENVO:00000406]","sea water [ENVO:00002149]",0,2,2,"Pufferfish","in situ filtration of seawater",3.007333333,"L","52345-537 | 52345-538 | 52345-539","not applicable: collected in situ","missing: not provided","missing: not provided",,1,"DNA/RNA Shield (Zymo)",-80,"missing: not provided","Filters thawed in DNA/RNA Shield, incubated 15 min at 37 C with agitation, buffer concentrated from 2 mL to ~400 uL on an Amicon Ultra-15 30 kDa unit (Millipore-Sigma), then coextracted with the Quick-DNA/RNA Miniprep Kit (Zymo Research) with a 30 min proteinase K incubation before binding buffer. The protocol yields two sequential extracts; only the first (DNA1) is analysed here.","Quick-DNA/RNA Miniprep Kit (Zymo Research)","missing: not provided",2,"mL of preservation buffer","missing: not provided",,,"field survey"
"52345-539","52345-539","sample","2024-10-16","12:34",47.742236,-122.729975,"decimal degrees","WGS84","USA: Washington, Hood Canal","marine biome [ENVO:00000447]","estuarine fjord [ENVO:00000406]","sea water [ENVO:00002149]",0,2,2,"Pufferfish","in situ filtration of seawater",3.007333333,"L","52345-537 | 52345-538 | 52345-539","not applicable: collected in situ","missing: not provided","missing: not provided",,1,"DNA/RNA Shield (Zymo)",-80,"missing: not provided","Filters thawed in DNA/RNA Shield, incubated 15 min at 37 C with agitation, buffer concentrated from 2 mL to ~400 uL on an Amicon Ultra-15 30 kDa unit (Millipore-Sigma), then coextracted with the Quick-DNA/RNA Miniprep Kit (Zymo Research) with a 30 min proteinase K incubation before binding buffer. The protocol yields two sequential extracts; only the first (DNA1) is analysed here.","Quick-DNA/RNA Miniprep Kit (Zymo Research)","missing: not provided",2,"mL of preservation buffer","missing: not provided",,,"field survey"
"52345-540","52345-540","sample","2024-10-16","13:00",47.742236,-122.729975,"decimal degrees","WGS84","USA: Washington, Hood Canal","marine biome [ENVO:00000447]","estuarine fjord [ENVO:00000406]","sea water [ENVO:00002149]",0,2,2,"Pufferfish","in situ filtration of seawater",3.005333333,"L","52345-540 | 52345-541 | 52345-542","not applicable: collected in situ","missing: not provided","missing: not provided",,1,"DNA/RNA Shield (Zymo)",-80,"missing: not provided","Filters thawed in DNA/RNA Shield, incubated 15 min at 37 C with agitation, buffer concentrated from 2 mL to ~400 uL on an Amicon Ultra-15 30 kDa unit (Millipore-Sigma), then coextracted with the Quick-DNA/RNA Miniprep Kit (Zymo Research) with a 30 min proteinase K incubation before binding buffer. The protocol yields two sequential extracts; only the first (DNA1) is analysed here.","Quick-DNA/RNA Miniprep Kit (Zymo Research)","missing: not provided",2,"mL of preservation buffer","missing: not provided",,,"field survey"
"52345-541","52345-541","sample","2024-10-16","13:00",47.742236,-122.729975,"decimal degrees","WGS84","USA: Washington, Hood Canal","marine biome [ENVO:00000447]","estuarine fjord [ENVO:00000406]","sea water [ENVO:00002149]",0,2,2,"Pufferfish","in situ filtration of seawater",3.005333333,"L","52345-540 | 52345-541 | 52345-542","not applicable: collected in situ","missing: not provided","missing: not provided",,1,"DNA/RNA Shield (Zymo)",-80,"missing: not provided","Filters thawed in DNA/RNA Shield, incubated 15 min at 37 C with agitation, buffer concentrated from 2 mL to ~400 uL on an Amicon Ultra-15 30 kDa unit (Millipore-Sigma), then coextracted with the Quick-DNA/RNA Miniprep Kit (Zymo Research) with a 30 min proteinase K incubation before binding buffer. The protocol yields two sequential extracts; only the first (DNA1) is analysed here.","Quick-DNA/RNA Miniprep Kit (Zymo Research)","missing: not provided",2,"mL of preservation buffer","missing: not provided",,,"field survey"
"52345-542","52345-542","sample","2024-10-16","13:00",47.742236,-122.729975,"decimal degrees","WGS84","USA: Washington, Hood Canal","marine biome [ENVO:00000447]","estuarine fjord [ENVO:00000406]","sea water [ENVO:00002149]",0,2,2,"Pufferfish","in situ filtration of seawater",3.005333333,"L","52345-540 | 52345-541 | 52345-542","not applicable: collected in situ","missing: not provided","missing: not provided",,1,"DNA/RNA Shield (Zymo)",-80,"missing: not provided","Filters thawed in DNA/RNA Shield, incubated 15 min at 37 C with agitation, buffer concentrated from 2 mL to ~400 uL on an Amicon Ultra-15 30 kDa unit (Millipore-Sigma), then coextracted with the Quick-DNA/RNA Miniprep Kit (Zymo Research) with a 30 min proteinase K incubation before binding buffer. The protocol yields two sequential extracts; only the first (DNA1) is analysed here.","Quick-DNA/RNA Miniprep Kit (Zymo Research)","missing: not provided",2,"mL of preservation buffer","missing: not provided",,,"field survey"
"52345-543","52345-543","sample","2024-10-16","13:59",47.742236,-122.729975,"decimal degrees","WGS84","USA: Washington, Hood Canal","marine biome [ENVO:00000447]","estuarine fjord [ENVO:00000406]","sea water [ENVO:00002149]",0,2,2,"Pufferfish","in situ filtration of seawater",3.002,"L","52345-543 | 52345-544 | 52345-545","not applicable: collected in situ","missing: not provided","missing: not provided",,1,"DNA/RNA Shield (Zymo)",-80,"missing: not provided","Filters thawed in DNA/RNA Shield, incubated 15 min at 37 C with agitation, buffer concentrated from 2 mL to ~400 uL on an Amicon Ultra-15 30 kDa unit (Millipore-Sigma), then coextracted with the Quick-DNA/RNA Miniprep Kit (Zymo Research) with a 30 min proteinase K incubation before binding buffer. The protocol yields two sequential extracts; only the first (DNA1) is analysed here.","Quick-DNA/RNA Miniprep Kit (Zymo Research)","missing: not provided",2,"mL of preservation buffer","missing: not provided",,,"field survey"
"52345-544","52345-544","sample","2024-10-16","13:59",47.742236,-122.729975,"decimal degrees","WGS84","USA: Washington, Hood Canal","marine biome [ENVO:00000447]","estuarine fjord [ENVO:00000406]","sea water [ENVO:00002149]",0,2,2,"Pufferfish","in situ filtration of seawater",3.002,"L","52345-543 | 52345-544 | 52345-545","not applicable: collected in situ","missing: not provided","missing: not provided",,1,"DNA/RNA Shield (Zymo)",-80,"missing: not provided","Filters thawed in DNA/RNA Shield, incubated 15 min at 37 C with agitation, buffer concentrated from 2 mL to ~400 uL on an Amicon Ultra-15 30 kDa unit (Millipore-Sigma), then coextracted with the Quick-DNA/RNA Miniprep Kit (Zymo Research) with a 30 min proteinase K incubation before binding buffer. The protocol yields two sequential extracts; only the first (DNA1) is analysed here.","Quick-DNA/RNA Miniprep Kit (Zymo Research)","missing: not provided",2,"mL of preservation buffer","missing: not provided",,,"field survey"
"52345-545","52345-545","sample","2024-10-16","13:59",47.742236,-122.729975,"decimal degrees","WGS84","USA: Washington, Hood Canal","marine biome [ENVO:00000447]","estuarine fjord [ENVO:00000406]","sea water [ENVO:00002149]",0,2,2,"Pufferfish","in situ filtration of seawater",3.002,"L","52345-543 | 52345-544 | 52345-545","not applicable: collected in situ","missing: not provided","missing: not provided",,1,"DNA/RNA Shield (Zymo)",-80,"missing: not provided","Filters thawed in DNA/RNA Shield, incubated 15 min at 37 C with agitation, buffer concentrated from 2 mL to ~400 uL on an Amicon Ultra-15 30 kDa unit (Millipore-Sigma), then coextracted with the Quick-DNA/RNA Miniprep Kit (Zymo Research) with a 30 min proteinase K incubation before binding buffer. The protocol yields two sequential extracts; only the first (DNA1) is analysed here.","Quick-DNA/RNA Miniprep Kit (Zymo Research)","missing: not provided",2,"mL of preservation buffer","missing: not provided",,,"field survey"
"52345-546","52345-546","sample","2024-10-16","14:27",47.742236,-122.729975,"decimal degrees","WGS84","USA: Washington, Hood Canal","marine biome [ENVO:00000447]","estuarine fjord [ENVO:00000406]","sea water [ENVO:00002149]",0,2,2,"Pufferfish","in situ filtration of seawater",3.007,"L","52345-546 | 52345-547 | 52345-548","not applicable: collected in situ","missing: not provided","missing: not provided",,1,"DNA/RNA Shield (Zymo)",-80,"missing: not provided","Filters thawed in DNA/RNA Shield, incubated 15 min at 37 C with agitation, buffer concentrated from 2 mL to ~400 uL on an Amicon Ultra-15 30 kDa unit (Millipore-Sigma), then coextracted with the Quick-DNA/RNA Miniprep Kit (Zymo Research) with a 30 min proteinase K incubation before binding buffer. The protocol yields two sequential extracts; only the first (DNA1) is analysed here.","Quick-DNA/RNA Miniprep Kit (Zymo Research)","missing: not provided",2,"mL of preservation buffer","missing: not provided",,,"field survey"
"52345-547","52345-547","sample","2024-10-16","14:27",47.742236,-122.729975,"decimal degrees","WGS84","USA: Washington, Hood Canal","marine biome [ENVO:00000447]","estuarine fjord [ENVO:00000406]","sea water [ENVO:00002149]",0,2,2,"Pufferfish","in situ filtration of seawater",3.007,"L","52345-546 | 52345-547 | 52345-548","not applicable: collected in situ","missing: not provided","missing: not provided",,1,"DNA/RNA Shield (Zymo)",-80,"missing: not provided","Filters thawed in DNA/RNA Shield, incubated 15 min at 37 C with agitation, buffer concentrated from 2 mL to ~400 uL on an Amicon Ultra-15 30 kDa unit (Millipore-Sigma), then coextracted with the Quick-DNA/RNA Miniprep Kit (Zymo Research) with a 30 min proteinase K incubation before binding buffer. The protocol yields two sequential extracts; only the first (DNA1) is analysed here.","Quick-DNA/RNA Miniprep Kit (Zymo Research)","missing: not provided",2,"mL of preservation buffer","missing: not provided",,,"field survey"
"52345-548","52345-548","sample","2024-10-16","14:27",47.742236,-122.729975,"decimal degrees","WGS84","USA: Washington, Hood Canal","marine biome [ENVO:00000447]","estuarine fjord [ENVO:00000406]","sea water [ENVO:00002149]",0,2,2,"Pufferfish","in situ filtration of seawater",3.007,"L","52345-546 | 52345-547 | 52345-548","not applicable: collected in situ","missing: not provided","missing: not provided",,1,"DNA/RNA Shield (Zymo)",-80,"missing: not provided","Filters thawed in DNA/RNA Shield, incubated 15 min at 37 C with agitation, buffer concentrated from 2 mL to ~400 uL on an Amicon Ultra-15 30 kDa unit (Millipore-Sigma), then coextracted with the Quick-DNA/RNA Miniprep Kit (Zymo Research) with a 30 min proteinase K incubation before binding buffer. The protocol yields two sequential extracts; only the first (DNA1) is analysed here.","Quick-DNA/RNA Miniprep Kit (Zymo Research)","missing: not provided",2,"mL of preservation buffer","missing: not provided",,,"field survey"
"52345-549","52345-549","sample","2024-10-16","14:56",47.742236,-122.729975,"decimal degrees","WGS84","USA: Washington, Hood Canal","marine biome [ENVO:00000447]","estuarine fjord [ENVO:00000406]","sea water [ENVO:00002149]",0,2,2,"Pufferfish","in situ filtration of seawater",2.995,"L","52345-549 | 52345-550 | 52345-551","not applicable: collected in situ","missing: not provided","missing: not provided",,1,"DNA/RNA Shield (Zymo)",-80,"missing: not provided","Filters thawed in DNA/RNA Shield, incubated 15 min at 37 C with agitation, buffer concentrated from 2 mL to ~400 uL on an Amicon Ultra-15 30 kDa unit (Millipore-Sigma), then coextracted with the Quick-DNA/RNA Miniprep Kit (Zymo Research) with a 30 min proteinase K incubation before binding buffer. The protocol yields two sequential extracts; only the first (DNA1) is analysed here.","Quick-DNA/RNA Miniprep Kit (Zymo Research)","missing: not provided",2,"mL of preservation buffer","missing: not provided",,,"field survey"
"52345-550","52345-550","sample","2024-10-16","14:56",47.742236,-122.729975,"decimal degrees","WGS84","USA: Washington, Hood Canal","marine biome [ENVO:00000447]","estuarine fjord [ENVO:00000406]","sea water [ENVO:00002149]",0,2,2,"Pufferfish","in situ filtration of seawater",2.995,"L","52345-549 | 52345-550 | 52345-551","not applicable: collected in situ","missing: not provided","missing: not provided",,1,"DNA/RNA Shield (Zymo)",-80,"missing: not provided","Filters thawed in DNA/RNA Shield, incubated 15 min at 37 C with agitation, buffer concentrated from 2 mL to ~400 uL on an Amicon Ultra-15 30 kDa unit (Millipore-Sigma), then coextracted with the Quick-DNA/RNA Miniprep Kit (Zymo Research) with a 30 min proteinase K incubation before binding buffer. The protocol yields two sequential extracts; only the first (DNA1) is analysed here.","Quick-DNA/RNA Miniprep Kit (Zymo Research)","missing: not provided",2,"mL of preservation buffer","missing: not provided",,,"field survey"
"52345-551","52345-551","sample","2024-10-16","14:56",47.742236,-122.729975,"decimal degrees","WGS84","USA: Washington, Hood Canal","marine biome [ENVO:00000447]","estuarine fjord [ENVO:00000406]","sea water [ENVO:00002149]",0,2,2,"Pufferfish","in situ filtration of seawater",2.995,"L","52345-549 | 52345-550 | 52345-551","not applicable: collected in situ","missing: not provided","missing: not provided",,1,"DNA/RNA Shield (Zymo)",-80,"missing: not provided","Filters thawed in DNA/RNA Shield, incubated 15 min at 37 C with agitation, buffer concentrated from 2 mL to ~400 uL on an Amicon Ultra-15 30 kDa unit (Millipore-Sigma), then coextracted with the Quick-DNA/RNA Miniprep Kit (Zymo Research) with a 30 min proteinase K incubation before binding buffer. The protocol yields two sequential extracts; only the first (DNA1) is analysed here.","Quick-DNA/RNA Miniprep Kit (Zymo Research)","missing: not provided",2,"mL of preservation buffer","missing: not provided",,,"field survey"
"52345-552","52345-552","sample","2024-10-16","15:20",47.742236,-122.729975,"decimal degrees","WGS84","USA: Washington, Hood Canal","marine biome [ENVO:00000447]","estuarine fjord [ENVO:00000406]","sea water [ENVO:00002149]",0,2,2,"Pufferfish","in situ filtration of seawater",3.328,"L","52345-552 | 52345-553 | 52345-554","not applicable: collected in situ","missing: not provided","missing: not provided",,1,"DNA/RNA Shield (Zymo)",-80,"missing: not provided","Filters thawed in DNA/RNA Shield, incubated 15 min at 37 C with agitation, buffer concentrated from 2 mL to ~400 uL on an Amicon Ultra-15 30 kDa unit (Millipore-Sigma), then coextracted with the Quick-DNA/RNA Miniprep Kit (Zymo Research) with a 30 min proteinase K incubation before binding buffer. The protocol yields two sequential extracts; only the first (DNA1) is analysed here.","Quick-DNA/RNA Miniprep Kit (Zymo Research)","missing: not provided",2,"mL of preservation buffer","missing: not provided",,,"field survey"
"52345-553","52345-553","sample","2024-10-16","15:20",47.742236,-122.729975,"decimal degrees","WGS84","USA: Washington, Hood Canal","marine biome [ENVO:00000447]","estuarine fjord [ENVO:00000406]","sea water [ENVO:00002149]",0,2,2,"Pufferfish","in situ filtration of seawater",3.328,"L","52345-552 | 52345-553 | 52345-554","not applicable: collected in situ","missing: not provided","missing: not provided",,1,"DNA/RNA Shield (Zymo)",-80,"missing: not provided","Filters thawed in DNA/RNA Shield, incubated 15 min at 37 C with agitation, buffer concentrated from 2 mL to ~400 uL on an Amicon Ultra-15 30 kDa unit (Millipore-Sigma), then coextracted with the Quick-DNA/RNA Miniprep Kit (Zymo Research) with a 30 min proteinase K incubation before binding buffer. The protocol yields two sequential extracts; only the first (DNA1) is analysed here.","Quick-DNA/RNA Miniprep Kit (Zymo Research)","missing: not provided",2,"mL of preservation buffer","missing: not provided",,,"field survey"
"52345-554","52345-554","sample","2024-10-16","15:20",47.742236,-122.729975,"decimal degrees","WGS84","USA: Washington, Hood Canal","marine biome [ENVO:00000447]","estuarine fjord [ENVO:00000406]","sea water [ENVO:00002149]",0,2,2,"Pufferfish","in situ filtration of seawater",3.328,"L","52345-552 | 52345-553 | 52345-554","not applicable: collected in situ","missing: not provided","missing: not provided",,1,"DNA/RNA Shield (Zymo)",-80,"missing: not provided","Filters thawed in DNA/RNA Shield, incubated 15 min at 37 C with agitation, buffer concentrated from 2 mL to ~400 uL on an Amicon Ultra-15 30 kDa unit (Millipore-Sigma), then coextracted with the Quick-DNA/RNA Miniprep Kit (Zymo Research) with a 30 min proteinase K incubation before binding buffer. The protocol yields two sequential extracts; only the first (DNA1) is analysed here.","Quick-DNA/RNA Miniprep Kit (Zymo Research)","missing: not provided",2,"mL of preservation buffer","missing: not provided",,,"field survey"
"52345-555","52345-555","sample","2024-10-16","15:58",47.742236,-122.729975,"decimal degrees","WGS84","USA: Washington, Hood Canal","marine biome [ENVO:00000447]","estuarine fjord [ENVO:00000406]","sea water [ENVO:00002149]",0,2,2,"Pufferfish","in situ filtration of seawater",3.006333333,"L","52345-555 | 52345-556 | 52345-557","not applicable: collected in situ","missing: not provided","missing: not provided",,1,"DNA/RNA Shield (Zymo)",-80,"missing: not provided","Filters thawed in DNA/RNA Shield, incubated 15 min at 37 C with agitation, buffer concentrated from 2 mL to ~400 uL on an Amicon Ultra-15 30 kDa unit (Millipore-Sigma), then coextracted with the Quick-DNA/RNA Miniprep Kit (Zymo Research) with a 30 min proteinase K incubation before binding buffer. The protocol yields two sequential extracts; only the first (DNA1) is analysed here.","Quick-DNA/RNA Miniprep Kit (Zymo Research)","missing: not provided",2,"mL of preservation buffer","missing: not provided",,,"field survey"
"52345-556","52345-556","sample","2024-10-16","15:58",47.742236,-122.729975,"decimal degrees","WGS84","USA: Washington, Hood Canal","marine biome [ENVO:00000447]","estuarine fjord [ENVO:00000406]","sea water [ENVO:00002149]",0,2,2,"Pufferfish","in situ filtration of seawater",3.006333333,"L","52345-555 | 52345-556 | 52345-557","not applicable: collected in situ","missing: not provided","missing: not provided",,1,"DNA/RNA Shield (Zymo)",-80,"missing: not provided","Filters thawed in DNA/RNA Shield, incubated 15 min at 37 C with agitation, buffer concentrated from 2 mL to ~400 uL on an Amicon Ultra-15 30 kDa unit (Millipore-Sigma), then coextracted with the Quick-DNA/RNA Miniprep Kit (Zymo Research) with a 30 min proteinase K incubation before binding buffer. The protocol yields two sequential extracts; only the first (DNA1) is analysed here.","Quick-DNA/RNA Miniprep Kit (Zymo Research)","missing: not provided",2,"mL of preservation buffer","missing: not provided",,,"field survey"
"52345-557","52345-557","sample","2024-10-16","15:58",47.742236,-122.729975,"decimal degrees","WGS84","USA: Washington, Hood Canal","marine biome [ENVO:00000447]","estuarine fjord [ENVO:00000406]","sea water [ENVO:00002149]",0,2,2,"Pufferfish","in situ filtration of seawater",3.006333333,"L","52345-555 | 52345-556 | 52345-557","not applicable: collected in situ","missing: not provided","missing: not provided",,1,"DNA/RNA Shield (Zymo)",-80,"missing: not provided","Filters thawed in DNA/RNA Shield, incubated 15 min at 37 C with agitation, buffer concentrated from 2 mL to ~400 uL on an Amicon Ultra-15 30 kDa unit (Millipore-Sigma), then coextracted with the Quick-DNA/RNA Miniprep Kit (Zymo Research) with a 30 min proteinase K incubation before binding buffer. The protocol yields two sequential extracts; only the first (DNA1) is analysed here.","Quick-DNA/RNA Miniprep Kit (Zymo Research)","missing: not provided",2,"mL of preservation buffer","missing: not provided",,,"field survey"
"52345-558","52345-558","sample","2024-10-16","16:25",47.742236,-122.729975,"decimal degrees","WGS84","USA: Washington, Hood Canal","marine biome [ENVO:00000447]","estuarine fjord [ENVO:00000406]","sea water [ENVO:00002149]",0,2,2,"Pufferfish","in situ filtration of seawater",3.002,"L","52345-558 | 52345-559 | 52345-560","not applicable: collected in situ","missing: not provided","missing: not provided",,1,"DNA/RNA Shield (Zymo)",-80,"missing: not provided","Filters thawed in DNA/RNA Shield, incubated 15 min at 37 C with agitation, buffer concentrated from 2 mL to ~400 uL on an Amicon Ultra-15 30 kDa unit (Millipore-Sigma), then coextracted with the Quick-DNA/RNA Miniprep Kit (Zymo Research) with a 30 min proteinase K incubation before binding buffer. The protocol yields two sequential extracts; only the first (DNA1) is analysed here.","Quick-DNA/RNA Miniprep Kit (Zymo Research)","missing: not provided",2,"mL of preservation buffer","missing: not provided",,,"field survey"
"52345-559","52345-559","sample","2024-10-16","16:25",47.742236,-122.729975,"decimal degrees","WGS84","USA: Washington, Hood Canal","marine biome [ENVO:00000447]","estuarine fjord [ENVO:00000406]","sea water [ENVO:00002149]",0,2,2,"Pufferfish","in situ filtration of seawater",3.002,"L","52345-558 | 52345-559 | 52345-560","not applicable: collected in situ","missing: not provided","missing: not provided",,1,"DNA/RNA Shield (Zymo)",-80,"missing: not provided","Filters thawed in DNA/RNA Shield, incubated 15 min at 37 C with agitation, buffer concentrated from 2 mL to ~400 uL on an Amicon Ultra-15 30 kDa unit (Millipore-Sigma), then coextracted with the Quick-DNA/RNA Miniprep Kit (Zymo Research) with a 30 min proteinase K incubation before binding buffer. The protocol yields two sequential extracts; only the first (DNA1) is analysed here.","Quick-DNA/RNA Miniprep Kit (Zymo Research)","missing: not provided",2,"mL of preservation buffer","missing: not provided",,,"field survey"
"52345-560","52345-560","sample","2024-10-16","16:25",47.742236,-122.729975,"decimal degrees","WGS84","USA: Washington, Hood Canal","marine biome [ENVO:00000447]","estuarine fjord [ENVO:00000406]","sea water [ENVO:00002149]",0,2,2,"Pufferfish","in situ filtration of seawater",3.002,"L","52345-558 | 52345-559 | 52345-560","not applicable: collected in situ","missing: not provided","missing: not provided",,1,"DNA/RNA Shield (Zymo)",-80,"missing: not provided","Filters thawed in DNA/RNA Shield, incubated 15 min at 37 C with agitation, buffer concentrated from 2 mL to ~400 uL on an Amicon Ultra-15 30 kDa unit (Millipore-Sigma), then coextracted with the Quick-DNA/RNA Miniprep Kit (Zymo Research) with a 30 min proteinase K incubation before binding buffer. The protocol yields two sequential extracts; only the first (DNA1) is analysed here.","Quick-DNA/RNA Miniprep Kit (Zymo Research)","missing: not provided",2,"mL of preservation buffer","missing: not provided",,,"field survey"
"52345-561","52345-561","sample","2024-10-16","16:48",47.742236,-122.729975,"decimal degrees","WGS84","USA: Washington, Hood Canal","marine biome [ENVO:00000447]","estuarine fjord [ENVO:00000406]","sea water [ENVO:00002149]",0,2,2,"Pufferfish","in situ filtration of seawater",3.010333333,"L","52345-561 | 52345-562 | 52345-563 | 52345-564 | 52345-565 | 52345-566","not applicable: collected in situ","missing: not provided","missing: not provided",,1,"DNA/RNA Shield (Zymo)",-80,"missing: not provided","Filters thawed in DNA/RNA Shield, incubated 15 min at 37 C with agitation, buffer concentrated from 2 mL to ~400 uL on an Amicon Ultra-15 30 kDa unit (Millipore-Sigma), then coextracted with the Quick-DNA/RNA Miniprep Kit (Zymo Research) with a 30 min proteinase K incubation before binding buffer. The protocol yields two sequential extracts; only the first (DNA1) is analysed here.","Quick-DNA/RNA Miniprep Kit (Zymo Research)","missing: not provided",2,"mL of preservation buffer","missing: not provided",,,"field survey"
"52345-562","52345-562","sample","2024-10-16","16:48",47.742236,-122.729975,"decimal degrees","WGS84","USA: Washington, Hood Canal","marine biome [ENVO:00000447]","estuarine fjord [ENVO:00000406]","sea water [ENVO:00002149]",0,2,2,"Pufferfish","in situ filtration of seawater",3.010333333,"L","52345-561 | 52345-562 | 52345-563 | 52345-564 | 52345-565 | 52345-566","not applicable: collected in situ","missing: not provided","missing: not provided",,1,"DNA/RNA Shield (Zymo)",-80,"missing: not provided","Filters thawed in DNA/RNA Shield, incubated 15 min at 37 C with agitation, buffer concentrated from 2 mL to ~400 uL on an Amicon Ultra-15 30 kDa unit (Millipore-Sigma), then coextracted with the Quick-DNA/RNA Miniprep Kit (Zymo Research) with a 30 min proteinase K incubation before binding buffer. The protocol yields two sequential extracts; only the first (DNA1) is analysed here.","Quick-DNA/RNA Miniprep Kit (Zymo Research)","missing: not provided",2,"mL of preservation buffer","missing: not provided",,,"field survey"
"52345-563","52345-563","sample","2024-10-16","16:48",47.742236,-122.729975,"decimal degrees","WGS84","USA: Washington, Hood Canal","marine biome [ENVO:00000447]","estuarine fjord [ENVO:00000406]","sea water [ENVO:00002149]",0,2,2,"Pufferfish","in situ filtration of seawater",3.010333333,"L","52345-561 | 52345-562 | 52345-563 | 52345-564 | 52345-565 | 52345-566","not applicable: collected in situ","missing: not provided","missing: not provided",,1,"DNA/RNA Shield (Zymo)",-80,"missing: not provided","Filters thawed in DNA/RNA Shield, incubated 15 min at 37 C with agitation, buffer concentrated from 2 mL to ~400 uL on an Amicon Ultra-15 30 kDa unit (Millipore-Sigma), then coextracted with the Quick-DNA/RNA Miniprep Kit (Zymo Research) with a 30 min proteinase K incubation before binding buffer. The protocol yields two sequential extracts; only the first (DNA1) is analysed here.","Quick-DNA/RNA Miniprep Kit (Zymo Research)","missing: not provided",2,"mL of preservation buffer","missing: not provided",,,"field survey"
"52345-564","52345-564","sample","2024-10-16","16:58",47.742236,-122.729975,"decimal degrees","WGS84","USA: Washington, Hood Canal","marine biome [ENVO:00000447]","estuarine fjord [ENVO:00000406]","sea water [ENVO:00002149]",0,2,2,"Pufferfish","in situ filtration of seawater",3.225,"L","52345-561 | 52345-562 | 52345-563 | 52345-564 | 52345-565 | 52345-566","not applicable: collected in situ","missing: not provided","missing: not provided",,1,"DNA/RNA Shield (Zymo)",-80,"missing: not provided","Filters thawed in DNA/RNA Shield, incubated 15 min at 37 C with agitation, buffer concentrated from 2 mL to ~400 uL on an Amicon Ultra-15 30 kDa unit (Millipore-Sigma), then coextracted with the Quick-DNA/RNA Miniprep Kit (Zymo Research) with a 30 min proteinase K incubation before binding buffer. The protocol yields two sequential extracts; only the first (DNA1) is analysed here.","Quick-DNA/RNA Miniprep Kit (Zymo Research)","missing: not provided",2,"mL of preservation buffer","missing: not provided",,,"field survey"
"52345-565","52345-565","sample","2024-10-16","16:58",47.742236,-122.729975,"decimal degrees","WGS84","USA: Washington, Hood Canal","marine biome [ENVO:00000447]","estuarine fjord [ENVO:00000406]","sea water [ENVO:00002149]",0,2,2,"Pufferfish","in situ filtration of seawater",3.225,"L","52345-561 | 52345-562 | 52345-563 | 52345-564 | 52345-565 | 52345-566","not applicable: collected in situ","missing: not provided","missing: not provided",,1,"DNA/RNA Shield (Zymo)",-80,"missing: not provided","Filters thawed in DNA/RNA Shield, incubated 15 min at 37 C with agitation, buffer concentrated from 2 mL to ~400 uL on an Amicon Ultra-15 30 kDa unit (Millipore-Sigma), then coextracted with the Quick-DNA/RNA Miniprep Kit (Zymo Research) with a 30 min proteinase K incubation before binding buffer. The protocol yields two sequential extracts; only the first (DNA1) is analysed here.","Quick-DNA/RNA Miniprep Kit (Zymo Research)","missing: not provided",2,"mL of preservation buffer","missing: not provided",,,"field survey"
"52345-566","52345-566","sample","2024-10-16","16:58",47.742236,-122.729975,"decimal degrees","WGS84","USA: Washington, Hood Canal","marine biome [ENVO:00000447]","estuarine fjord [ENVO:00000406]","sea water [ENVO:00002149]",0,2,2,"Pufferfish","in situ filtration of seawater",3.225,"L","52345-561 | 52345-562 | 52345-563 | 52345-564 | 52345-565 | 52345-566","not applicable: collected in situ","missing: not provided","missing: not provided",,1,"DNA/RNA Shield (Zymo)",-80,"missing: not provided","Filters thawed in DNA/RNA Shield, incubated 15 min at 37 C with agitation, buffer concentrated from 2 mL to ~400 uL on an Amicon Ultra-15 30 kDa unit (Millipore-Sigma), then coextracted with the Quick-DNA/RNA Miniprep Kit (Zymo Research) with a 30 min proteinase K incubation before binding buffer. The protocol yields two sequential extracts; only the first (DNA1) is analysed here.","Quick-DNA/RNA Miniprep Kit (Zymo Research)","missing: not provided",2,"mL of preservation buffer","missing: not provided",,,"field survey"
"52345-502","52345-502","sample","2024-10-16","12:15",47.742236,-122.729975,"decimal degrees","WGS84","USA: Washington, Hood Canal","marine biome [ENVO:00000447]","estuarine fjord [ENVO:00000406]","sea water [ENVO:00002149]",0,0,0,"Smith Root","in situ filtration of seawater",2.75,"L","52345-502 | 52345-503 | 52345-504","not applicable: collected in situ","missing: not provided","missing: not provided",,1,"DNA/RNA Shield (Zymo)",-80,"missing: not provided","Filters thawed in DNA/RNA Shield, incubated 15 min at 37 C with agitation, buffer concentrated from 2 mL to ~400 uL on an Amicon Ultra-15 30 kDa unit (Millipore-Sigma), then coextracted with the Quick-DNA/RNA Miniprep Kit (Zymo Research) with a 30 min proteinase K incubation before binding buffer. The protocol yields two sequential extracts; only the first (DNA1) is analysed here.","Quick-DNA/RNA Miniprep Kit (Zymo Research)","missing: not provided",2,"mL of preservation buffer","missing: not provided",,,"field survey"
"52345-503","52345-503","sample","2024-10-16","12:18",47.742236,-122.729975,"decimal degrees","WGS84","USA: Washington, Hood Canal","marine biome [ENVO:00000447]","estuarine fjord [ENVO:00000406]","sea water [ENVO:00002149]",0,0,0,"Smith Root","in situ filtration of seawater",2.75,"L","52345-502 | 52345-503 | 52345-504","not applicable: collected in situ","missing: not provided","missing: not provided",,1,"DNA/RNA Shield (Zymo)",-80,"missing: not provided","Filters thawed in DNA/RNA Shield, incubated 15 min at 37 C with agitation, buffer concentrated from 2 mL to ~400 uL on an Amicon Ultra-15 30 kDa unit (Millipore-Sigma), then coextracted with the Quick-DNA/RNA Miniprep Kit (Zymo Research) with a 30 min proteinase K incubation before binding buffer. The protocol yields two sequential extracts; only the first (DNA1) is analysed here.","Quick-DNA/RNA Miniprep Kit (Zymo Research)","missing: not provided",2,"mL of preservation buffer","missing: not provided",,,"field survey"
"52345-504","52345-504","sample","2024-10-16","12:21",47.742236,-122.729975,"decimal degrees","WGS84","USA: Washington, Hood Canal","marine biome [ENVO:00000447]","estuarine fjord [ENVO:00000406]","sea water [ENVO:00002149]",0,0,0,"Smith Root","in situ filtration of seawater",2.45,"L","52345-502 | 52345-503 | 52345-504","not applicable: collected in situ","missing: not provided","missing: not provided",,1,"DNA/RNA Shield (Zymo)",-80,"missing: not provided","Filters thawed in DNA/RNA Shield, incubated 15 min at 37 C with agitation, buffer concentrated from 2 mL to ~400 uL on an Amicon Ultra-15 30 kDa unit (Millipore-Sigma), then coextracted with the Quick-DNA/RNA Miniprep Kit (Zymo Research) with a 30 min proteinase K incubation before binding buffer. The protocol yields two sequential extracts; only the first (DNA1) is analysed here.","Quick-DNA/RNA Miniprep Kit (Zymo Research)","missing: not provided",2,"mL of preservation buffer","missing: not provided",,,"field survey"
"52345-505","52345-505","sample","2024-10-16","13:54",47.742236,-122.729975,"decimal degrees","WGS84","USA: Washington, Hood Canal","marine biome [ENVO:00000447]","estuarine fjord [ENVO:00000406]","sea water [ENVO:00002149]",0,0,0,"Smith Root","in situ filtration of seawater",2.6,"L","52345-505 | 52345-506 | 52345-507","not applicable: collected in situ","missing: not provided","missing: not provided",,1,"DNA/RNA Shield (Zymo)",-80,"missing: not provided","Filters thawed in DNA/RNA Shield, incubated 15 min at 37 C with agitation, buffer concentrated from 2 mL to ~400 uL on an Amicon Ultra-15 30 kDa unit (Millipore-Sigma), then coextracted with the Quick-DNA/RNA Miniprep Kit (Zymo Research) with a 30 min proteinase K incubation before binding buffer. The protocol yields two sequential extracts; only the first (DNA1) is analysed here.","Quick-DNA/RNA Miniprep Kit (Zymo Research)","missing: not provided",2,"mL of preservation buffer","missing: not provided",,,"field survey"
"52345-506","52345-506","sample","2024-10-16","13:56",47.742236,-122.729975,"decimal degrees","WGS84","USA: Washington, Hood Canal","marine biome [ENVO:00000447]","estuarine fjord [ENVO:00000406]","sea water [ENVO:00002149]",0,0,0,"Smith Root","in situ filtration of seawater",2.65,"L","52345-505 | 52345-506 | 52345-507","not applicable: collected in situ","missing: not provided","missing: not provided",,1,"DNA/RNA Shield (Zymo)",-80,"missing: not provided","Filters thawed in DNA/RNA Shield, incubated 15 min at 37 C with agitation, buffer concentrated from 2 mL to ~400 uL on an Amicon Ultra-15 30 kDa unit (Millipore-Sigma), then coextracted with the Quick-DNA/RNA Miniprep Kit (Zymo Research) with a 30 min proteinase K incubation before binding buffer. The protocol yields two sequential extracts; only the first (DNA1) is analysed here.","Quick-DNA/RNA Miniprep Kit (Zymo Research)","missing: not provided",2,"mL of preservation buffer","missing: not provided",,,"field survey"
"52345-507","52345-507","sample","2024-10-16","13:59",47.742236,-122.729975,"decimal degrees","WGS84","USA: Washington, Hood Canal","marine biome [ENVO:00000447]","estuarine fjord [ENVO:00000406]","sea water [ENVO:00002149]",0,0,0,"Smith Root","in situ filtration of seawater",2.75,"L","52345-505 | 52345-506 | 52345-507","not applicable: collected in situ","missing: not provided","missing: not provided",,1,"DNA/RNA Shield (Zymo)",-80,"missing: not provided","Filters thawed in DNA/RNA Shield, incubated 15 min at 37 C with agitation, buffer concentrated from 2 mL to ~400 uL on an Amicon Ultra-15 30 kDa unit (Millipore-Sigma), then coextracted with the Quick-DNA/RNA Miniprep Kit (Zymo Research) with a 30 min proteinase K incubation before binding buffer. The protocol yields two sequential extracts; only the first (DNA1) is analysed here.","Quick-DNA/RNA Miniprep Kit (Zymo Research)","missing: not provided",2,"mL of preservation buffer","missing: not provided",,,"field survey"
"52345-509","52345-509","sample","2024-10-16","14:46",47.742236,-122.729975,"decimal degrees","WGS84","USA: Washington, Hood Canal","marine biome [ENVO:00000447]","estuarine fjord [ENVO:00000406]","sea water [ENVO:00002149]",0,0,0,"Smith Root","in situ filtration of seawater",2.8,"L","52345-509","not applicable: collected in situ","missing: not provided","missing: not provided",,1,"DNA/RNA Shield (Zymo)",-80,"missing: not provided","Filters thawed in DNA/RNA Shield, incubated 15 min at 37 C with agitation, buffer concentrated from 2 mL to ~400 uL on an Amicon Ultra-15 30 kDa unit (Millipore-Sigma), then coextracted with the Quick-DNA/RNA Miniprep Kit (Zymo Research) with a 30 min proteinase K incubation before binding buffer. The protocol yields two sequential extracts; only the first (DNA1) is analysed here.","Quick-DNA/RNA Miniprep Kit (Zymo Research)","missing: not provided",2,"mL of preservation buffer","missing: not provided",,,"field survey"
"52345-510","52345-510","sample","2024-10-16","15:00",47.742236,-122.729975,"decimal degrees","WGS84","USA: Washington, Hood Canal","marine biome [ENVO:00000447]","estuarine fjord [ENVO:00000406]","sea water [ENVO:00002149]",0,0,0,"Smith Root","in situ filtration of seawater",2.8,"L","52345-510 | 52345-511","not applicable: collected in situ","missing: not provided","missing: not provided",,1,"DNA/RNA Shield (Zymo)",-80,"missing: not provided","Filters thawed in DNA/RNA Shield, incubated 15 min at 37 C with agitation, buffer concentrated from 2 mL to ~400 uL on an Amicon Ultra-15 30 kDa unit (Millipore-Sigma), then coextracted with the Quick-DNA/RNA Miniprep Kit (Zymo Research) with a 30 min proteinase K incubation before binding buffer. The protocol yields two sequential extracts; only the first (DNA1) is analysed here.","Quick-DNA/RNA Miniprep Kit (Zymo Research)","missing: not provided",2,"mL of preservation buffer","missing: not provided",,,"field survey"
"52345-511","52345-511","sample","2024-10-16","15:08",47.742236,-122.729975,"decimal degrees","WGS84","USA: Washington, Hood Canal","marine biome [ENVO:00000447]","estuarine fjord [ENVO:00000406]","sea water [ENVO:00002149]",0,0,0,"Smith Root","in situ filtration of seawater",2.8,"L","52345-510 | 52345-511","not applicable: collected in situ","missing: not provided","missing: not provided",,1,"DNA/RNA Shield (Zymo)",-80,"missing: not provided","Filters thawed in DNA/RNA Shield, incubated 15 min at 37 C with agitation, buffer concentrated from 2 mL to ~400 uL on an Amicon Ultra-15 30 kDa unit (Millipore-Sigma), then coextracted with the Quick-DNA/RNA Miniprep Kit (Zymo Research) with a 30 min proteinase K incubation before binding buffer. The protocol yields two sequential extracts; only the first (DNA1) is analysed here.","Quick-DNA/RNA Miniprep Kit (Zymo Research)","missing: not provided",2,"mL of preservation buffer","missing: not provided",,,"field survey"
"52345-512","52345-512","sample","2024-10-16","16:17",47.742236,-122.729975,"decimal degrees","WGS84","USA: Washington, Hood Canal","marine biome [ENVO:00000447]","estuarine fjord [ENVO:00000406]","sea water [ENVO:00002149]",0,0,0,"Smith Root","in situ filtration of seawater",2.8,"L","52345-512","not applicable: collected in situ","missing: not provided","missing: not provided",,1,"DNA/RNA Shield (Zymo)",-80,"missing: not provided","Filters thawed in DNA/RNA Shield, incubated 15 min at 37 C with agitation, buffer concentrated from 2 mL to ~400 uL on an Amicon Ultra-15 30 kDa unit (Millipore-Sigma), then coextracted with the Quick-DNA/RNA Miniprep Kit (Zymo Research) with a 30 min proteinase K incubation before binding buffer. The protocol yields two sequential extracts; only the first (DNA1) is analysed here.","Quick-DNA/RNA Miniprep Kit (Zymo Research)","missing: not provided",2,"mL of preservation buffer","missing: not provided",,,"field survey"
"52345-513","52345-513","sample","2024-10-16","16:28",47.742236,-122.729975,"decimal degrees","WGS84","USA: Washington, Hood Canal","marine biome [ENVO:00000447]","estuarine fjord [ENVO:00000406]","sea water [ENVO:00002149]",0,0,0,"Smith Root","in situ filtration of seawater",2.8,"L","52345-513","not applicable: collected in situ","missing: not provided","missing: not provided",,1,"DNA/RNA Shield (Zymo)",-80,"missing: not provided","Filters thawed in DNA/RNA Shield, incubated 15 min at 37 C with agitation, buffer concentrated from 2 mL to ~400 uL on an Amicon Ultra-15 30 kDa unit (Millipore-Sigma), then coextracted with the Quick-DNA/RNA Miniprep Kit (Zymo Research) with a 30 min proteinase K incubation before binding buffer. The protocol yields two sequential extracts; only the first (DNA1) is analysed here.","Quick-DNA/RNA Miniprep Kit (Zymo Research)","missing: not provided",2,"mL of preservation buffer","missing: not provided",,,"field survey"
"52345-514","52345-514","sample","2024-10-16","16:39",47.742236,-122.729975,"decimal degrees","WGS84","USA: Washington, Hood Canal","marine biome [ENVO:00000447]","estuarine fjord [ENVO:00000406]","sea water [ENVO:00002149]",0,0,0,"Smith Root","in situ filtration of seawater",2.8,"L","52345-514","not applicable: collected in situ","missing: not provided","missing: not provided",,1,"DNA/RNA Shield (Zymo)",-80,"missing: not provided","Filters thawed in DNA/RNA Shield, incubated 15 min at 37 C with agitation, buffer concentrated from 2 mL to ~400 uL on an Amicon Ultra-15 30 kDa unit (Millipore-Sigma), then coextracted with the Quick-DNA/RNA Miniprep Kit (Zymo Research) with a 30 min proteinase K incubation before binding buffer. The protocol yields two sequential extracts; only the first (DNA1) is analysed here.","Quick-DNA/RNA Miniprep Kit (Zymo Research)","missing: not provided",2,"mL of preservation buffer","missing: not provided",,,"field survey"
"52345-651","52345-651","sample","2024-10-16","12:21",47.736441,-122.743206,"decimal degrees","WGS84","USA: Washington, Hood Canal","marine biome [ENVO:00000447]","estuarine fjord [ENVO:00000406]","sea water [ENVO:00002149]",0,11,11,"Ascension G","in situ filtration of seawater",2.01,"L","52345-651 | 52345-652 | 52345-653","not applicable: collected in situ","missing: not provided","missing: not provided",,1,"DNA/RNA Shield (Zymo)",-80,"missing: not provided","Filters thawed in DNA/RNA Shield, incubated 15 min at 37 C with agitation, buffer concentrated from 2 mL to ~400 uL on an Amicon Ultra-15 30 kDa unit (Millipore-Sigma), then coextracted with the Quick-DNA/RNA Miniprep Kit (Zymo Research) with a 30 min proteinase K incubation before binding buffer. The protocol yields two sequential extracts; only the first (DNA1) is analysed here.","Quick-DNA/RNA Miniprep Kit (Zymo Research)","missing: not provided",2,"mL of preservation buffer","missing: not provided",,,"field survey"
"52345-652","52345-652","sample","2024-10-16","12:31",47.736441,-122.743206,"decimal degrees","WGS84","USA: Washington, Hood Canal","marine biome [ENVO:00000447]","estuarine fjord [ENVO:00000406]","sea water [ENVO:00002149]",0,11,11,"Ascension G","in situ filtration of seawater",2,"L","52345-651 | 52345-652 | 52345-653","not applicable: collected in situ","missing: not provided","missing: not provided",,1,"DNA/RNA Shield (Zymo)",-80,"missing: not provided","Filters thawed in DNA/RNA Shield, incubated 15 min at 37 C with agitation, buffer concentrated from 2 mL to ~400 uL on an Amicon Ultra-15 30 kDa unit (Millipore-Sigma), then coextracted with the Quick-DNA/RNA Miniprep Kit (Zymo Research) with a 30 min proteinase K incubation before binding buffer. The protocol yields two sequential extracts; only the first (DNA1) is analysed here.","Quick-DNA/RNA Miniprep Kit (Zymo Research)","missing: not provided",2,"mL of preservation buffer","missing: not provided",,,"field survey"
"52345-653","52345-653","sample","2024-10-16","12:40",47.736441,-122.743206,"decimal degrees","WGS84","USA: Washington, Hood Canal","marine biome [ENVO:00000447]","estuarine fjord [ENVO:00000406]","sea water [ENVO:00002149]",0,11,11,"Ascension G","in situ filtration of seawater",2.01,"L","52345-651 | 52345-652 | 52345-653","not applicable: collected in situ","missing: not provided","missing: not provided",,1,"DNA/RNA Shield (Zymo)",-80,"missing: not provided","Filters thawed in DNA/RNA Shield, incubated 15 min at 37 C with agitation, buffer concentrated from 2 mL to ~400 uL on an Amicon Ultra-15 30 kDa unit (Millipore-Sigma), then coextracted with the Quick-DNA/RNA Miniprep Kit (Zymo Research) with a 30 min proteinase K incubation before binding buffer. The protocol yields two sequential extracts; only the first (DNA1) is analysed here.","Quick-DNA/RNA Miniprep Kit (Zymo Research)","missing: not provided",2,"mL of preservation buffer","missing: not provided",,,"field survey"
"52345-647","52345-647","sample","2024-10-16","11:12",47.736441,-122.743206,"decimal degrees","WGS84","USA: Washington, Hood Canal","marine biome [ENVO:00000447]","estuarine fjord [ENVO:00000406]","sea water [ENVO:00002149]",0,18,18,"Ascension G","in situ filtration of seawater",1.17,"L","52345-647","not applicable: collected in situ","missing: not provided","missing: not provided",,1,"DNA/RNA Shield (Zymo)",-80,"missing: not provided","Filters thawed in DNA/RNA Shield, incubated 15 min at 37 C with agitation, buffer concentrated from 2 mL to ~400 uL on an Amicon Ultra-15 30 kDa unit (Millipore-Sigma), then coextracted with the Quick-DNA/RNA Miniprep Kit (Zymo Research) with a 30 min proteinase K incubation before binding buffer. The protocol yields two sequential extracts; only the first (DNA1) is analysed here.","Quick-DNA/RNA Miniprep Kit (Zymo Research)","missing: not provided",2,"mL of preservation buffer","missing: not provided",,,"field survey"
"52345-659","52345-659","sample","2024-10-16","14:01",47.736441,-122.743206,"decimal degrees","WGS84","USA: Washington, Hood Canal","marine biome [ENVO:00000447]","estuarine fjord [ENVO:00000406]","sea water [ENVO:00002149]",0,18,18,"Ascension G","in situ filtration of seawater",2,"L","52345-659","not applicable: collected in situ","missing: not provided","missing: not provided",,1,"DNA/RNA Shield (Zymo)",-80,"missing: not provided","Filters thawed in DNA/RNA Shield, incubated 15 min at 37 C with agitation, buffer concentrated from 2 mL to ~400 uL on an Amicon Ultra-15 30 kDa unit (Millipore-Sigma), then coextracted with the Quick-DNA/RNA Miniprep Kit (Zymo Research) with a 30 min proteinase K incubation before binding buffer. The protocol yields two sequential extracts; only the first (DNA1) is analysed here.","Quick-DNA/RNA Miniprep Kit (Zymo Research)","missing: not provided",2,"mL of preservation buffer","missing: not provided",,,"field survey"
"52345-648","52345-648","sample","2024-10-16","11:27",47.736441,-122.743206,"decimal degrees","WGS84","USA: Washington, Hood Canal","marine biome [ENVO:00000447]","estuarine fjord [ENVO:00000406]","sea water [ENVO:00002149]",0,30,30,"Ascension G","in situ filtration of seawater",2,"L","52345-648","not applicable: collected in situ","missing: not provided","missing: not provided",,1,"DNA/RNA Shield (Zymo)",-80,"missing: not provided","Filters thawed in DNA/RNA Shield, incubated 15 min at 37 C with agitation, buffer concentrated from 2 mL to ~400 uL on an Amicon Ultra-15 30 kDa unit (Millipore-Sigma), then coextracted with the Quick-DNA/RNA Miniprep Kit (Zymo Research) with a 30 min proteinase K incubation before binding buffer. The protocol yields two sequential extracts; only the first (DNA1) is analysed here.","Quick-DNA/RNA Miniprep Kit (Zymo Research)","missing: not provided",2,"mL of preservation buffer","missing: not provided",,,"field survey"
"52345-620","52345-620","sample","2024-10-16","11:32",47.736441,-122.743206,"decimal degrees","WGS84","USA: Washington, Hood Canal","marine biome [ENVO:00000447]","estuarine fjord [ENVO:00000406]","sea water [ENVO:00002149]",0,0,0,"Smith Root","in situ filtration of seawater",3,"L","52345-620","not applicable: collected in situ","missing: not provided","missing: not provided",,1,"DNA/RNA Shield (Zymo)",-80,"missing: not provided","Filters thawed in DNA/RNA Shield, incubated 15 min at 37 C with agitation, buffer concentrated from 2 mL to ~400 uL on an Amicon Ultra-15 30 kDa unit (Millipore-Sigma), then coextracted with the Quick-DNA/RNA Miniprep Kit (Zymo Research) with a 30 min proteinase K incubation before binding buffer. The protocol yields two sequential extracts; only the first (DNA1) is analysed here.","Quick-DNA/RNA Miniprep Kit (Zymo Research)","missing: not provided",2,"mL of preservation buffer","missing: not provided",,,"field survey"
"52345-622","52345-622","sample","2024-10-16","12:30",47.736441,-122.743206,"decimal degrees","WGS84","USA: Washington, Hood Canal","marine biome [ENVO:00000447]","estuarine fjord [ENVO:00000406]","sea water [ENVO:00002149]",0,0,0,"Smith Root","in situ filtration of seawater",3,"L","52345-622 | 52345-623 | 52345-624","not applicable: collected in situ","missing: not provided","missing: not provided",,1,"DNA/RNA Shield (Zymo)",-80,"missing: not provided","Filters thawed in DNA/RNA Shield, incubated 15 min at 37 C with agitation, buffer concentrated from 2 mL to ~400 uL on an Amicon Ultra-15 30 kDa unit (Millipore-Sigma), then coextracted with the Quick-DNA/RNA Miniprep Kit (Zymo Research) with a 30 min proteinase K incubation before binding buffer. The protocol yields two sequential extracts; only the first (DNA1) is analysed here.","Quick-DNA/RNA Miniprep Kit (Zymo Research)","missing: not provided",2,"mL of preservation buffer","missing: not provided",,,"field survey"
"52345-623","52345-623","sample","2024-10-16","12:31",47.736441,-122.743206,"decimal degrees","WGS84","USA: Washington, Hood Canal","marine biome [ENVO:00000447]","estuarine fjord [ENVO:00000406]","sea water [ENVO:00002149]",0,0,0,"Smith Root","in situ filtration of seawater",3,"L","52345-622 | 52345-623 | 52345-624","not applicable: collected in situ","missing: not provided","missing: not provided",,1,"DNA/RNA Shield (Zymo)",-80,"missing: not provided","Filters thawed in DNA/RNA Shield, incubated 15 min at 37 C with agitation, buffer concentrated from 2 mL to ~400 uL on an Amicon Ultra-15 30 kDa unit (Millipore-Sigma), then coextracted with the Quick-DNA/RNA Miniprep Kit (Zymo Research) with a 30 min proteinase K incubation before binding buffer. The protocol yields two sequential extracts; only the first (DNA1) is analysed here.","Quick-DNA/RNA Miniprep Kit (Zymo Research)","missing: not provided",2,"mL of preservation buffer","missing: not provided",,,"field survey"
"52345-624","52345-624","sample","2024-10-16","12:31",47.736441,-122.743206,"decimal degrees","WGS84","USA: Washington, Hood Canal","marine biome [ENVO:00000447]","estuarine fjord [ENVO:00000406]","sea water [ENVO:00002149]",0,0,0,"Smith Root","in situ filtration of seawater",3,"L","52345-622 | 52345-623 | 52345-624","not applicable: collected in situ","missing: not provided","missing: not provided",,1,"DNA/RNA Shield (Zymo)",-80,"missing: not provided","Filters thawed in DNA/RNA Shield, incubated 15 min at 37 C with agitation, buffer concentrated from 2 mL to ~400 uL on an Amicon Ultra-15 30 kDa unit (Millipore-Sigma), then coextracted with the Quick-DNA/RNA Miniprep Kit (Zymo Research) with a 30 min proteinase K incubation before binding buffer. The protocol yields two sequential extracts; only the first (DNA1) is analysed here.","Quick-DNA/RNA Miniprep Kit (Zymo Research)","missing: not provided",2,"mL of preservation buffer","missing: not provided",,,"field survey"
"52345-625","52345-625","sample","2024-10-16","13:30",47.736441,-122.743206,"decimal degrees","WGS84","USA: Washington, Hood Canal","marine biome [ENVO:00000447]","estuarine fjord [ENVO:00000406]","sea water [ENVO:00002149]",0,0,0,"Smith Root","in situ filtration of seawater",3,"L","52345-625 | 52345-626","not applicable: collected in situ","missing: not provided","missing: not provided",,1,"DNA/RNA Shield (Zymo)",-80,"missing: not provided","Filters thawed in DNA/RNA Shield, incubated 15 min at 37 C with agitation, buffer concentrated from 2 mL to ~400 uL on an Amicon Ultra-15 30 kDa unit (Millipore-Sigma), then coextracted with the Quick-DNA/RNA Miniprep Kit (Zymo Research) with a 30 min proteinase K incubation before binding buffer. The protocol yields two sequential extracts; only the first (DNA1) is analysed here.","Quick-DNA/RNA Miniprep Kit (Zymo Research)","missing: not provided",2,"mL of preservation buffer","missing: not provided",,,"field survey"
"52345-626","52345-626","sample","2024-10-16","13:30",47.736441,-122.743206,"decimal degrees","WGS84","USA: Washington, Hood Canal","marine biome [ENVO:00000447]","estuarine fjord [ENVO:00000406]","sea water [ENVO:00002149]",0,0,0,"Smith Root","in situ filtration of seawater",3,"L","52345-625 | 52345-626","not applicable: collected in situ","missing: not provided","missing: not provided",,1,"DNA/RNA Shield (Zymo)",-80,"missing: not provided","Filters thawed in DNA/RNA Shield, incubated 15 min at 37 C with agitation, buffer concentrated from 2 mL to ~400 uL on an Amicon Ultra-15 30 kDa unit (Millipore-Sigma), then coextracted with the Quick-DNA/RNA Miniprep Kit (Zymo Research) with a 30 min proteinase K incubation before binding buffer. The protocol yields two sequential extracts; only the first (DNA1) is analysed here.","Quick-DNA/RNA Miniprep Kit (Zymo Research)","missing: not provided",2,"mL of preservation buffer","missing: not provided",,,"field survey"
"52345-630","52345-630","sample","2024-10-16","14:30",47.736441,-122.743206,"decimal degrees","WGS84","USA: Washington, Hood Canal","marine biome [ENVO:00000447]","estuarine fjord [ENVO:00000406]","sea water [ENVO:00002149]",0,0,0,"Smith Root","in situ filtration of seawater",3,"L","52345-630","not applicable: collected in situ","missing: not provided","missing: not provided",,1,"DNA/RNA Shield (Zymo)",-80,"missing: not provided","Filters thawed in DNA/RNA Shield, incubated 15 min at 37 C with agitation, buffer concentrated from 2 mL to ~400 uL on an Amicon Ultra-15 30 kDa unit (Millipore-Sigma), then coextracted with the Quick-DNA/RNA Miniprep Kit (Zymo Research) with a 30 min proteinase K incubation before binding buffer. The protocol yields two sequential extracts; only the first (DNA1) is analysed here.","Quick-DNA/RNA Miniprep Kit (Zymo Research)","missing: not provided",2,"mL of preservation buffer","missing: not provided",,,"field survey"
"52345-633","52345-633","sample","2024-10-16","15:31",47.736441,-122.743206,"decimal degrees","WGS84","USA: Washington, Hood Canal","marine biome [ENVO:00000447]","estuarine fjord [ENVO:00000406]","sea water [ENVO:00002149]",0,0,0,"Smith Root","in situ filtration of seawater",3,"L","52345-633 | 52345-634 | 52345-635","not applicable: collected in situ","missing: not provided","missing: not provided",,1,"DNA/RNA Shield (Zymo)",-80,"missing: not provided","Filters thawed in DNA/RNA Shield, incubated 15 min at 37 C with agitation, buffer concentrated from 2 mL to ~400 uL on an Amicon Ultra-15 30 kDa unit (Millipore-Sigma), then coextracted with the Quick-DNA/RNA Miniprep Kit (Zymo Research) with a 30 min proteinase K incubation before binding buffer. The protocol yields two sequential extracts; only the first (DNA1) is analysed here.","Quick-DNA/RNA Miniprep Kit (Zymo Research)","missing: not provided",2,"mL of preservation buffer","missing: not provided",,,"field survey"
"52345-634","52345-634","sample","2024-10-16","15:32",47.736441,-122.743206,"decimal degrees","WGS84","USA: Washington, Hood Canal","marine biome [ENVO:00000447]","estuarine fjord [ENVO:00000406]","sea water [ENVO:00002149]",0,0,0,"Smith Root","in situ filtration of seawater",2.8,"L","52345-633 | 52345-634 | 52345-635","not applicable: collected in situ","missing: not provided","missing: not provided",,1,"DNA/RNA Shield (Zymo)",-80,"missing: not provided","Filters thawed in DNA/RNA Shield, incubated 15 min at 37 C with agitation, buffer concentrated from 2 mL to ~400 uL on an Amicon Ultra-15 30 kDa unit (Millipore-Sigma), then coextracted with the Quick-DNA/RNA Miniprep Kit (Zymo Research) with a 30 min proteinase K incubation before binding buffer. The protocol yields two sequential extracts; only the first (DNA1) is analysed here.","Quick-DNA/RNA Miniprep Kit (Zymo Research)","missing: not provided",2,"mL of preservation buffer","missing: not provided",,,"field survey"
"52345-635","52345-635","sample","2024-10-16","15:33",47.736441,-122.743206,"decimal degrees","WGS84","USA: Washington, Hood Canal","marine biome [ENVO:00000447]","estuarine fjord [ENVO:00000406]","sea water [ENVO:00002149]",0,0,0,"Smith Root","in situ filtration of seawater",3,"L","52345-633 | 52345-634 | 52345-635","not applicable: collected in situ","missing: not provided","missing: not provided",,1,"DNA/RNA Shield (Zymo)",-80,"missing: not provided","Filters thawed in DNA/RNA Shield, incubated 15 min at 37 C with agitation, buffer concentrated from 2 mL to ~400 uL on an Amicon Ultra-15 30 kDa unit (Millipore-Sigma), then coextracted with the Quick-DNA/RNA Miniprep Kit (Zymo Research) with a 30 min proteinase K incubation before binding buffer. The protocol yields two sequential extracts; only the first (DNA1) is analysed here.","Quick-DNA/RNA Miniprep Kit (Zymo Research)","missing: not provided",2,"mL of preservation buffer","missing: not provided",,,"field survey"
"52345-637","52345-637","sample","2024-10-16","16:28",47.736441,-122.743206,"decimal degrees","WGS84","USA: Washington, Hood Canal","marine biome [ENVO:00000447]","estuarine fjord [ENVO:00000406]","sea water [ENVO:00002149]",0,0,0,"Smith Root","in situ filtration of seawater",2.9,"L","52345-637 | 52345-638","not applicable: collected in situ","missing: not provided","missing: not provided",,1,"DNA/RNA Shield (Zymo)",-80,"missing: not provided","Filters thawed in DNA/RNA Shield, incubated 15 min at 37 C with agitation, buffer concentrated from 2 mL to ~400 uL on an Amicon Ultra-15 30 kDa unit (Millipore-Sigma), then coextracted with the Quick-DNA/RNA Miniprep Kit (Zymo Research) with a 30 min proteinase K incubation before binding buffer. The protocol yields two sequential extracts; only the first (DNA1) is analysed here.","Quick-DNA/RNA Miniprep Kit (Zymo Research)","missing: not provided",2,"mL of preservation buffer","missing: not provided",,,"field survey"
"52345-638","52345-638","sample","2024-10-16","16:30",47.736441,-122.743206,"decimal degrees","WGS84","USA: Washington, Hood Canal","marine biome [ENVO:00000447]","estuarine fjord [ENVO:00000406]","sea water [ENVO:00002149]",0,0,0,"Smith Root","in situ filtration of seawater",3,"L","52345-637 | 52345-638","not applicable: collected in situ","missing: not provided","missing: not provided",,1,"DNA/RNA Shield (Zymo)",-80,"missing: not provided","Filters thawed in DNA/RNA Shield, incubated 15 min at 37 C with agitation, buffer concentrated from 2 mL to ~400 uL on an Amicon Ultra-15 30 kDa unit (Millipore-Sigma), then coextracted with the Quick-DNA/RNA Miniprep Kit (Zymo Research) with a 30 min proteinase K incubation before binding buffer. The protocol yields two sequential extracts; only the first (DNA1) is analysed here.","Quick-DNA/RNA Miniprep Kit (Zymo Research)","missing: not provided",2,"mL of preservation buffer","missing: not provided",,,"field survey"
"carboy1_0.0h","52345-750","sample","2024-10-16","18:19",47.742236,-122.729975,"decimal degrees","WGS84","USA: Washington, Hood Canal","marine biome [ENVO:00000447]","mesocosm [ENVO:00003924]","sea water [ENVO:00002149]",1,,,"carboy subsample","seawater collected from a netted enclosure into a 25 L carboy, transported at ambient temperature and held in an environmental chamber at 15 C on a 16 h light cycle with aeration, then subsampled; elapsed time since collection is 0.0 h",1,"L","the three carboys are the biological replicates","carboy 1","Advantec mixed cellulose ester, in a tandem Smith-Root housing stack of 5.0, 1.0 and 0.45 um; only the analysed fraction is reported here","mixed cellulose ester (MCE)",47,1,"DNA/RNA Shield (Zymo), 2 mL",-80,"within one month of collection","Filters thawed in DNA/RNA Shield, incubated 15 min at 37 C with agitation, buffer concentrated from 2 mL to ~400 uL on an Amicon Ultra-15 30 kDa unit (Millipore-Sigma), then coextracted with the Quick-DNA/RNA Miniprep Kit (Zymo Research) with a 30 min proteinase K incubation before binding buffer. The protocol yields two sequential extracts; only the first (DNA1) is analysed here.","Quick-DNA/RNA Miniprep Kit (Zymo Research)","missing: not provided",2,"mL of preservation buffer","not applicable: mesocosm",15,,"decay experiment"
"carboy1_3.4h","52345-753","sample","2024-10-16","21:43",47.742236,-122.729975,"decimal degrees","WGS84","USA: Washington, Hood Canal","marine biome [ENVO:00000447]","mesocosm [ENVO:00003924]","sea water [ENVO:00002149]",1,,,"carboy subsample","seawater collected from a netted enclosure into a 25 L carboy, transported at ambient temperature and held in an environmental chamber at 15 C on a 16 h light cycle with aeration, then subsampled; elapsed time since collection is 3.4 h",1.95,"L","the three carboys are the biological replicates","carboy 1","Advantec mixed cellulose ester, in a tandem Smith-Root housing stack of 5.0, 1.0 and 0.45 um; only the analysed fraction is reported here","mixed cellulose ester (MCE)",47,1,"DNA/RNA Shield (Zymo), 2 mL",-80,"within one month of collection","Filters thawed in DNA/RNA Shield, incubated 15 min at 37 C with agitation, buffer concentrated from 2 mL to ~400 uL on an Amicon Ultra-15 30 kDa unit (Millipore-Sigma), then coextracted with the Quick-DNA/RNA Miniprep Kit (Zymo Research) with a 30 min proteinase K incubation before binding buffer. The protocol yields two sequential extracts; only the first (DNA1) is analysed here.","Quick-DNA/RNA Miniprep Kit (Zymo Research)","missing: not provided",2,"mL of preservation buffer","not applicable: mesocosm",15,,"decay experiment"
"carboy1_7.2h","52345-757","sample","2024-10-16","1:30",47.742236,-122.729975,"decimal degrees","WGS84","USA: Washington, Hood Canal","marine biome [ENVO:00000447]","mesocosm [ENVO:00003924]","sea water [ENVO:00002149]",1,,,"carboy subsample","seawater collected from a netted enclosure into a 25 L carboy, transported at ambient temperature and held in an environmental chamber at 15 C on a 16 h light cycle with aeration, then subsampled; elapsed time since collection is 7.2 h",2.05,"L","the three carboys are the biological replicates","carboy 1","Advantec mixed cellulose ester, in a tandem Smith-Root housing stack of 5.0, 1.0 and 0.45 um; only the analysed fraction is reported here","mixed cellulose ester (MCE)",47,1,"DNA/RNA Shield (Zymo), 2 mL",-80,"within one month of collection","Filters thawed in DNA/RNA Shield, incubated 15 min at 37 C with agitation, buffer concentrated from 2 mL to ~400 uL on an Amicon Ultra-15 30 kDa unit (Millipore-Sigma), then coextracted with the Quick-DNA/RNA Miniprep Kit (Zymo Research) with a 30 min proteinase K incubation before binding buffer. The protocol yields two sequential extracts; only the first (DNA1) is analysed here.","Quick-DNA/RNA Miniprep Kit (Zymo Research)","missing: not provided",2,"mL of preservation buffer","not applicable: mesocosm",15,,"decay experiment"
"carboy1_11.3h","52345-761","sample","2024-10-16","5:34",47.742236,-122.729975,"decimal degrees","WGS84","USA: Washington, Hood Canal","marine biome [ENVO:00000447]","mesocosm [ENVO:00003924]","sea water [ENVO:00002149]",1,,,"carboy subsample","seawater collected from a netted enclosure into a 25 L carboy, transported at ambient temperature and held in an environmental chamber at 15 C on a 16 h light cycle with aeration, then subsampled; elapsed time since collection is 11.3 h",1.925,"L","the three carboys are the biological replicates","carboy 1","Advantec mixed cellulose ester, in a tandem Smith-Root housing stack of 5.0, 1.0 and 0.45 um; only the analysed fraction is reported here","mixed cellulose ester (MCE)",47,1,"DNA/RNA Shield (Zymo), 2 mL",-80,"within one month of collection","Filters thawed in DNA/RNA Shield, incubated 15 min at 37 C with agitation, buffer concentrated from 2 mL to ~400 uL on an Amicon Ultra-15 30 kDa unit (Millipore-Sigma), then coextracted with the Quick-DNA/RNA Miniprep Kit (Zymo Research) with a 30 min proteinase K incubation before binding buffer. The protocol yields two sequential extracts; only the first (DNA1) is analysed here.","Quick-DNA/RNA Miniprep Kit (Zymo Research)","missing: not provided",2,"mL of preservation buffer","not applicable: mesocosm",15,,"decay experiment"
"carboy1_19.3h","52345-766","sample","2024-10-16","13:38",47.742236,-122.729975,"decimal degrees","WGS84","USA: Washington, Hood Canal","marine biome [ENVO:00000447]","mesocosm [ENVO:00003924]","sea water [ENVO:00002149]",1,,,"carboy subsample","seawater collected from a netted enclosure into a 25 L carboy, transported at ambient temperature and held in an environmental chamber at 15 C on a 16 h light cycle with aeration, then subsampled; elapsed time since collection is 19.3 h",2,"L","the three carboys are the biological replicates","carboy 1","Advantec mixed cellulose ester, in a tandem Smith-Root housing stack of 5.0, 1.0 and 0.45 um; only the analysed fraction is reported here","mixed cellulose ester (MCE)",47,1,"DNA/RNA Shield (Zymo), 2 mL",-80,"within one month of collection","Filters thawed in DNA/RNA Shield, incubated 15 min at 37 C with agitation, buffer concentrated from 2 mL to ~400 uL on an Amicon Ultra-15 30 kDa unit (Millipore-Sigma), then coextracted with the Quick-DNA/RNA Miniprep Kit (Zymo Research) with a 30 min proteinase K incubation before binding buffer. The protocol yields two sequential extracts; only the first (DNA1) is analysed here.","Quick-DNA/RNA Miniprep Kit (Zymo Research)","missing: not provided",2,"mL of preservation buffer","not applicable: mesocosm",15,,"decay experiment"
"carboy1_27.2h","52345-770","sample","2024-10-16","21:29",47.742236,-122.729975,"decimal degrees","WGS84","USA: Washington, Hood Canal","marine biome [ENVO:00000447]","mesocosm [ENVO:00003924]","sea water [ENVO:00002149]",1,,,"carboy subsample","seawater collected from a netted enclosure into a 25 L carboy, transported at ambient temperature and held in an environmental chamber at 15 C on a 16 h light cycle with aeration, then subsampled; elapsed time since collection is 27.2 h",1.95,"L","the three carboys are the biological replicates","carboy 1","Advantec mixed cellulose ester, in a tandem Smith-Root housing stack of 5.0, 1.0 and 0.45 um; only the analysed fraction is reported here","mixed cellulose ester (MCE)",47,1,"DNA/RNA Shield (Zymo), 2 mL",-80,"within one month of collection","Filters thawed in DNA/RNA Shield, incubated 15 min at 37 C with agitation, buffer concentrated from 2 mL to ~400 uL on an Amicon Ultra-15 30 kDa unit (Millipore-Sigma), then coextracted with the Quick-DNA/RNA Miniprep Kit (Zymo Research) with a 30 min proteinase K incubation before binding buffer. The protocol yields two sequential extracts; only the first (DNA1) is analysed here.","Quick-DNA/RNA Miniprep Kit (Zymo Research)","missing: not provided",2,"mL of preservation buffer","not applicable: mesocosm",15,,"decay experiment"
"carboy2_0.0h","52345-751","sample","2024-10-16","18:21",47.742236,-122.729975,"decimal degrees","WGS84","USA: Washington, Hood Canal","marine biome [ENVO:00000447]","mesocosm [ENVO:00003924]","sea water [ENVO:00002149]",1,,,"carboy subsample","seawater collected from a netted enclosure into a 25 L carboy, transported at ambient temperature and held in an environmental chamber at 15 C on a 16 h light cycle with aeration, then subsampled; elapsed time since collection is 0.0 h",1,"L","the three carboys are the biological replicates","carboy 2","Advantec mixed cellulose ester, in a tandem Smith-Root housing stack of 5.0, 1.0 and 0.45 um; only the analysed fraction is reported here","mixed cellulose ester (MCE)",47,1,"DNA/RNA Shield (Zymo), 2 mL",-80,"within one month of collection","Filters thawed in DNA/RNA Shield, incubated 15 min at 37 C with agitation, buffer concentrated from 2 mL to ~400 uL on an Amicon Ultra-15 30 kDa unit (Millipore-Sigma), then coextracted with the Quick-DNA/RNA Miniprep Kit (Zymo Research) with a 30 min proteinase K incubation before binding buffer. The protocol yields two sequential extracts; only the first (DNA1) is analysed here.","Quick-DNA/RNA Miniprep Kit (Zymo Research)","missing: not provided",2,"mL of preservation buffer","not applicable: mesocosm",15,,"decay experiment"
"carboy2_3.7h","52345-754","sample","2024-10-16","21:58",47.742236,-122.729975,"decimal degrees","WGS84","USA: Washington, Hood Canal","marine biome [ENVO:00000447]","mesocosm [ENVO:00003924]","sea water [ENVO:00002149]",1,,,"carboy subsample","seawater collected from a netted enclosure into a 25 L carboy, transported at ambient temperature and held in an environmental chamber at 15 C on a 16 h light cycle with aeration, then subsampled; elapsed time since collection is 3.7 h",1.3,"L","the three carboys are the biological replicates","carboy 2","Advantec mixed cellulose ester, in a tandem Smith-Root housing stack of 5.0, 1.0 and 0.45 um; only the analysed fraction is reported here","mixed cellulose ester (MCE)",47,1,"DNA/RNA Shield (Zymo), 2 mL",-80,"within one month of collection","Filters thawed in DNA/RNA Shield, incubated 15 min at 37 C with agitation, buffer concentrated from 2 mL to ~400 uL on an Amicon Ultra-15 30 kDa unit (Millipore-Sigma), then coextracted with the Quick-DNA/RNA Miniprep Kit (Zymo Research) with a 30 min proteinase K incubation before binding buffer. The protocol yields two sequential extracts; only the first (DNA1) is analysed here.","Quick-DNA/RNA Miniprep Kit (Zymo Research)","missing: not provided",2,"mL of preservation buffer","not applicable: mesocosm",15,,"decay experiment"
"carboy2_7.5h","52345-758","sample","2024-10-16","1:48",47.742236,-122.729975,"decimal degrees","WGS84","USA: Washington, Hood Canal","marine biome [ENVO:00000447]","mesocosm [ENVO:00003924]","sea water [ENVO:00002149]",1,,,"carboy subsample","seawater collected from a netted enclosure into a 25 L carboy, transported at ambient temperature and held in an environmental chamber at 15 C on a 16 h light cycle with aeration, then subsampled; elapsed time since collection is 7.5 h",2.15,"L","the three carboys are the biological replicates","carboy 2","Advantec mixed cellulose ester, in a tandem Smith-Root housing stack of 5.0, 1.0 and 0.45 um; only the analysed fraction is reported here","mixed cellulose ester (MCE)",47,1,"DNA/RNA Shield (Zymo), 2 mL",-80,"within one month of collection","Filters thawed in DNA/RNA Shield, incubated 15 min at 37 C with agitation, buffer concentrated from 2 mL to ~400 uL on an Amicon Ultra-15 30 kDa unit (Millipore-Sigma), then coextracted with the Quick-DNA/RNA Miniprep Kit (Zymo Research) with a 30 min proteinase K incubation before binding buffer. The protocol yields two sequential extracts; only the first (DNA1) is analysed here.","Quick-DNA/RNA Miniprep Kit (Zymo Research)","missing: not provided",2,"mL of preservation buffer","not applicable: mesocosm",15,,"decay experiment"
"carboy2_11.5h","52345-762","sample","2024-10-16","5:49",47.742236,-122.729975,"decimal degrees","WGS84","USA: Washington, Hood Canal","marine biome [ENVO:00000447]","mesocosm [ENVO:00003924]","sea water [ENVO:00002149]",1,,,"carboy subsample","seawater collected from a netted enclosure into a 25 L carboy, transported at ambient temperature and held in an environmental chamber at 15 C on a 16 h light cycle with aeration, then subsampled; elapsed time since collection is 11.5 h",1.7,"L","the three carboys are the biological replicates","carboy 2","Advantec mixed cellulose ester, in a tandem Smith-Root housing stack of 5.0, 1.0 and 0.45 um; only the analysed fraction is reported here","mixed cellulose ester (MCE)",47,1,"DNA/RNA Shield (Zymo), 2 mL",-80,"within one month of collection","Filters thawed in DNA/RNA Shield, incubated 15 min at 37 C with agitation, buffer concentrated from 2 mL to ~400 uL on an Amicon Ultra-15 30 kDa unit (Millipore-Sigma), then coextracted with the Quick-DNA/RNA Miniprep Kit (Zymo Research) with a 30 min proteinase K incubation before binding buffer. The protocol yields two sequential extracts; only the first (DNA1) is analysed here.","Quick-DNA/RNA Miniprep Kit (Zymo Research)","missing: not provided",2,"mL of preservation buffer","not applicable: mesocosm",15,,"decay experiment"
"carboy2_19.4h","52345-767","sample","2024-10-16","13:49",47.742236,-122.729975,"decimal degrees","WGS84","USA: Washington, Hood Canal","marine biome [ENVO:00000447]","mesocosm [ENVO:00003924]","sea water [ENVO:00002149]",1,,,"carboy subsample","seawater collected from a netted enclosure into a 25 L carboy, transported at ambient temperature and held in an environmental chamber at 15 C on a 16 h light cycle with aeration, then subsampled; elapsed time since collection is 19.4 h",2,"L","the three carboys are the biological replicates","carboy 2","Advantec mixed cellulose ester, in a tandem Smith-Root housing stack of 5.0, 1.0 and 0.45 um; only the analysed fraction is reported here","mixed cellulose ester (MCE)",47,1,"DNA/RNA Shield (Zymo), 2 mL",-80,"within one month of collection","Filters thawed in DNA/RNA Shield, incubated 15 min at 37 C with agitation, buffer concentrated from 2 mL to ~400 uL on an Amicon Ultra-15 30 kDa unit (Millipore-Sigma), then coextracted with the Quick-DNA/RNA Miniprep Kit (Zymo Research) with a 30 min proteinase K incubation before binding buffer. The protocol yields two sequential extracts; only the first (DNA1) is analysed here.","Quick-DNA/RNA Miniprep Kit (Zymo Research)","missing: not provided",2,"mL of preservation buffer","not applicable: mesocosm",15,,"decay experiment"
"carboy2_27.3h","52345-771","sample","2024-10-16","21:39",47.742236,-122.729975,"decimal degrees","WGS84","USA: Washington, Hood Canal","marine biome [ENVO:00000447]","mesocosm [ENVO:00003924]","sea water [ENVO:00002149]",1,,,"carboy subsample","seawater collected from a netted enclosure into a 25 L carboy, transported at ambient temperature and held in an environmental chamber at 15 C on a 16 h light cycle with aeration, then subsampled; elapsed time since collection is 27.3 h",1.85,"L","the three carboys are the biological replicates","carboy 2","Advantec mixed cellulose ester, in a tandem Smith-Root housing stack of 5.0, 1.0 and 0.45 um; only the analysed fraction is reported here","mixed cellulose ester (MCE)",47,1,"DNA/RNA Shield (Zymo), 2 mL",-80,"within one month of collection","Filters thawed in DNA/RNA Shield, incubated 15 min at 37 C with agitation, buffer concentrated from 2 mL to ~400 uL on an Amicon Ultra-15 30 kDa unit (Millipore-Sigma), then coextracted with the Quick-DNA/RNA Miniprep Kit (Zymo Research) with a 30 min proteinase K incubation before binding buffer. The protocol yields two sequential extracts; only the first (DNA1) is analysed here.","Quick-DNA/RNA Miniprep Kit (Zymo Research)","missing: not provided",2,"mL of preservation buffer","not applicable: mesocosm",15,,"decay experiment"
"carboy3_0.0h","52345-752","sample","2024-10-16","18:19",47.742236,-122.729975,"decimal degrees","WGS84","USA: Washington, Hood Canal","marine biome [ENVO:00000447]","mesocosm [ENVO:00003924]","sea water [ENVO:00002149]",1,,,"carboy subsample","seawater collected from a netted enclosure into a 25 L carboy, transported at ambient temperature and held in an environmental chamber at 15 C on a 16 h light cycle with aeration, then subsampled; elapsed time since collection is 0.0 h",1.2,"L","the three carboys are the biological replicates","carboy 3","Advantec mixed cellulose ester, in a tandem Smith-Root housing stack of 5.0, 1.0 and 0.45 um; only the analysed fraction is reported here","mixed cellulose ester (MCE)",47,1,"DNA/RNA Shield (Zymo), 2 mL",-80,"within one month of collection","Filters thawed in DNA/RNA Shield, incubated 15 min at 37 C with agitation, buffer concentrated from 2 mL to ~400 uL on an Amicon Ultra-15 30 kDa unit (Millipore-Sigma), then coextracted with the Quick-DNA/RNA Miniprep Kit (Zymo Research) with a 30 min proteinase K incubation before binding buffer. The protocol yields two sequential extracts; only the first (DNA1) is analysed here.","Quick-DNA/RNA Miniprep Kit (Zymo Research)","missing: not provided",2,"mL of preservation buffer","not applicable: mesocosm",15,,"decay experiment"
"carboy3_4.0h","52345-755","sample","2024-10-16","22:16",47.742236,-122.729975,"decimal degrees","WGS84","USA: Washington, Hood Canal","marine biome [ENVO:00000447]","mesocosm [ENVO:00003924]","sea water [ENVO:00002149]",1,,,"carboy subsample","seawater collected from a netted enclosure into a 25 L carboy, transported at ambient temperature and held in an environmental chamber at 15 C on a 16 h light cycle with aeration, then subsampled; elapsed time since collection is 4.0 h",2.05,"L","the three carboys are the biological replicates","carboy 3","Advantec mixed cellulose ester, in a tandem Smith-Root housing stack of 5.0, 1.0 and 0.45 um; only the analysed fraction is reported here","mixed cellulose ester (MCE)",47,1,"DNA/RNA Shield (Zymo), 2 mL",-80,"within one month of collection","Filters thawed in DNA/RNA Shield, incubated 15 min at 37 C with agitation, buffer concentrated from 2 mL to ~400 uL on an Amicon Ultra-15 30 kDa unit (Millipore-Sigma), then coextracted with the Quick-DNA/RNA Miniprep Kit (Zymo Research) with a 30 min proteinase K incubation before binding buffer. The protocol yields two sequential extracts; only the first (DNA1) is analysed here.","Quick-DNA/RNA Miniprep Kit (Zymo Research)","missing: not provided",2,"mL of preservation buffer","not applicable: mesocosm",15,,"decay experiment"
"carboy3_8.0h","52345-759","sample","2024-10-16","1:58",47.742236,-122.729975,"decimal degrees","WGS84","USA: Washington, Hood Canal","marine biome [ENVO:00000447]","mesocosm [ENVO:00003924]","sea water [ENVO:00002149]",1,,,"carboy subsample","seawater collected from a netted enclosure into a 25 L carboy, transported at ambient temperature and held in an environmental chamber at 15 C on a 16 h light cycle with aeration, then subsampled; elapsed time since collection is 8.0 h",2,"L","the three carboys are the biological replicates","carboy 3","Advantec mixed cellulose ester, in a tandem Smith-Root housing stack of 5.0, 1.0 and 0.45 um; only the analysed fraction is reported here","mixed cellulose ester (MCE)",47,1,"DNA/RNA Shield (Zymo), 2 mL",-80,"within one month of collection","Filters thawed in DNA/RNA Shield, incubated 15 min at 37 C with agitation, buffer concentrated from 2 mL to ~400 uL on an Amicon Ultra-15 30 kDa unit (Millipore-Sigma), then coextracted with the Quick-DNA/RNA Miniprep Kit (Zymo Research) with a 30 min proteinase K incubation before binding buffer. The protocol yields two sequential extracts; only the first (DNA1) is analysed here.","Quick-DNA/RNA Miniprep Kit (Zymo Research)","missing: not provided",2,"mL of preservation buffer","not applicable: mesocosm",15,,"decay experiment"
"carboy3_11.7h","52345-763","sample","2024-10-16","6:02",47.742236,-122.729975,"decimal degrees","WGS84","USA: Washington, Hood Canal","marine biome [ENVO:00000447]","mesocosm [ENVO:00003924]","sea water [ENVO:00002149]",1,,,"carboy subsample","seawater collected from a netted enclosure into a 25 L carboy, transported at ambient temperature and held in an environmental chamber at 15 C on a 16 h light cycle with aeration, then subsampled; elapsed time since collection is 11.7 h",1.975,"L","the three carboys are the biological replicates","carboy 3","Advantec mixed cellulose ester, in a tandem Smith-Root housing stack of 5.0, 1.0 and 0.45 um; only the analysed fraction is reported here","mixed cellulose ester (MCE)",47,1,"DNA/RNA Shield (Zymo), 2 mL",-80,"within one month of collection","Filters thawed in DNA/RNA Shield, incubated 15 min at 37 C with agitation, buffer concentrated from 2 mL to ~400 uL on an Amicon Ultra-15 30 kDa unit (Millipore-Sigma), then coextracted with the Quick-DNA/RNA Miniprep Kit (Zymo Research) with a 30 min proteinase K incubation before binding buffer. The protocol yields two sequential extracts; only the first (DNA1) is analysed here.","Quick-DNA/RNA Miniprep Kit (Zymo Research)","missing: not provided",2,"mL of preservation buffer","not applicable: mesocosm",15,,"decay experiment"
"carboy3_19.7h","52345-768","sample","2024-10-16","14:03",47.742236,-122.729975,"decimal degrees","WGS84","USA: Washington, Hood Canal","marine biome [ENVO:00000447]","mesocosm [ENVO:00003924]","sea water [ENVO:00002149]",1,,,"carboy subsample","seawater collected from a netted enclosure into a 25 L carboy, transported at ambient temperature and held in an environmental chamber at 15 C on a 16 h light cycle with aeration, then subsampled; elapsed time since collection is 19.7 h",1.95,"L","the three carboys are the biological replicates","carboy 3","Advantec mixed cellulose ester, in a tandem Smith-Root housing stack of 5.0, 1.0 and 0.45 um; only the analysed fraction is reported here","mixed cellulose ester (MCE)",47,1,"DNA/RNA Shield (Zymo), 2 mL",-80,"within one month of collection","Filters thawed in DNA/RNA Shield, incubated 15 min at 37 C with agitation, buffer concentrated from 2 mL to ~400 uL on an Amicon Ultra-15 30 kDa unit (Millipore-Sigma), then coextracted with the Quick-DNA/RNA Miniprep Kit (Zymo Research) with a 30 min proteinase K incubation before binding buffer. The protocol yields two sequential extracts; only the first (DNA1) is analysed here.","Quick-DNA/RNA Miniprep Kit (Zymo Research)","missing: not provided",2,"mL of preservation buffer","not applicable: mesocosm",15,,"decay experiment"
"carboy3_27.7h","52345-772","sample","2024-10-16","21:59",47.742236,-122.729975,"decimal degrees","WGS84","USA: Washington, Hood Canal","marine biome [ENVO:00000447]","mesocosm [ENVO:00003924]","sea water [ENVO:00002149]",1,,,"carboy subsample","seawater collected from a netted enclosure into a 25 L carboy, transported at ambient temperature and held in an environmental chamber at 15 C on a 16 h light cycle with aeration, then subsampled; elapsed time since collection is 27.7 h",2,"L","the three carboys are the biological replicates","carboy 3","Advantec mixed cellulose ester, in a tandem Smith-Root housing stack of 5.0, 1.0 and 0.45 um; only the analysed fraction is reported here","mixed cellulose ester (MCE)",47,1,"DNA/RNA Shield (Zymo), 2 mL",-80,"within one month of collection","Filters thawed in DNA/RNA Shield, incubated 15 min at 37 C with agitation, buffer concentrated from 2 mL to ~400 uL on an Amicon Ultra-15 30 kDa unit (Millipore-Sigma), then coextracted with the Quick-DNA/RNA Miniprep Kit (Zymo Research) with a 30 min proteinase K incubation before binding buffer. The protocol yields two sequential extracts; only the first (DNA1) is analysed here.","Quick-DNA/RNA Miniprep Kit (Zymo Research)","missing: not provided",2,"mL of preservation buffer","not applicable: mesocosm",15,,"decay experiment"
