"section","marker","ddPCR","simplified","difference","track","n","bias","mae","rmse","cover50","cover95","ci95_med","station","n_grabs","median_age","min_age","max_age","median_ci95","mean_difference","max_abs_difference","correlation","median_ci95_ddPCR","median_ci95_simplified","parameter","mean","lo95","hi95"
"decay rates","cytb","-0.119062132307465","-0.117330966881904","0.001731165425561",NA,NA,NA,NA,NA,NA,NA,NA,NA,NA,NA,NA,NA,NA,NA,NA,NA,NA,NA,NA,NA,NA,NA
"decay rates","Tt_16S","-0.16134537296045","-0.161478299722113","-0.000132926761662988",NA,NA,NA,NA,NA,NA,NA,NA,NA,NA,NA,NA,NA,NA,NA,NA,NA,NA,NA,NA,NA,NA,NA
"decay rates","Tt_DLL1","-0.177802570022193","-0.171728915207406","0.006073654814787",NA,NA,NA,NA,NA,NA,NA,NA,NA,NA,NA,NA,NA,NA,NA,NA,NA,NA,NA,NA,NA,NA,NA
"decay rates","Tt_longFrag","-0.189443144770047","-0.170854974376758","0.018588170393289",NA,NA,NA,NA,NA,NA,NA,NA,NA,NA,NA,NA,NA,NA,NA,NA,NA,NA,NA,NA,NA,NA,NA
"carboy LOO",NA,NA,NA,NA,"ddPCR","18","0.30009630231791","4.30990649231604","5.41754534232641","0.111111111111111","0.611111111111111","11.9873289872034",NA,NA,NA,NA,NA,NA,NA,NA,NA,NA,NA,NA,NA,NA,NA
"carboy LOO",NA,NA,NA,NA,"simplified","18","1.58612153486635","3.80442455414403","4.60808061792297","0.444444444444444","0.833333333333333","17.8607164100076",NA,NA,NA,NA,NA,NA,NA,NA,NA,NA,NA,NA,NA,NA,NA
"field grabs",NA,NA,NA,NA,"ddPCR",NA,NA,NA,NA,NA,NA,NA,"Husbandry Area","18","7.09255696178431","4.22901949036731","19.9742400197462","19.5477151297952",NA,NA,NA,NA,NA,NA,NA,NA,NA
"field grabs",NA,NA,NA,NA,"ddPCR",NA,NA,NA,NA,NA,NA,NA,"NOAA Boat","10","42.0212315324189","21.1672995343155","50.6942306833855","46.367738253524",NA,NA,NA,NA,NA,NA,NA,NA,NA
"field grabs",NA,NA,NA,NA,"simplified",NA,NA,NA,NA,NA,NA,NA,"Husbandry Area","18","9.56377017573165","5.59948129823926","13.5062080768527","23.0430407163746",NA,NA,NA,NA,NA,NA,NA,NA,NA
"field grabs",NA,NA,NA,NA,"simplified",NA,NA,NA,NA,NA,NA,NA,"NOAA Boat","10","28.4179643047836","17.0198969418814","45.3525112568406","38.8431087201396",NA,NA,NA,NA,NA,NA,NA,NA,NA
"field agreement",NA,NA,NA,NA,NA,"28",NA,NA,NA,NA,NA,NA,NA,NA,NA,NA,NA,NA,"-1.94864857336809","13.8638546419937","0.967751095021416","22.7134180711459","25.8780343374749",NA,NA,NA,NA
"observation error",NA,NA,NA,NA,"ddPCR",NA,NA,NA,NA,NA,NA,NA,NA,NA,NA,NA,NA,NA,NA,NA,NA,NA,NA,"sigma_bio[1]","0.759101206692554","0.669913661131416","0.86323566783165"
"observation error",NA,NA,NA,NA,"ddPCR",NA,NA,NA,NA,NA,NA,NA,NA,NA,NA,NA,NA,NA,NA,NA,NA,NA,NA,"sigma_tech","0.0886285018455409","0.0549887024315444","0.120016702993111"
"observation error",NA,NA,NA,NA,"simplified",NA,NA,NA,NA,NA,NA,NA,NA,NA,NA,NA,NA,NA,NA,NA,NA,NA,NA,"sigma_bio[1]","0.77339300860342","0.688167971052825","0.871905405934364"
"observation error",NA,NA,NA,NA,"simplified",NA,NA,NA,NA,NA,NA,NA,NA,NA,NA,NA,NA,NA,NA,NA,NA,NA,NA,"sigma_tech","0.344984549010089","0.320734536880159","0.370553295012592"
